Mercado,Fecha,NC Long,NC Short,NC Spread,NC Change,Com Long,Com Short,Retail Long,Retail Short,OI,Cierre
EURUSD,2003-01-07,35647,7490,41,    -306,14990,71660,47597,19084,98275,
EURUSD,2003-01-14,36455,7682,10,     808,24937,83917,48673,18466,110075,
EURUSD,2003-01-21,35332,6890,632,   -1123,24410,83678,52810,21984,113184,
EURUSD,2003-01-28,32375,6039,1034,   -2957,23265,78061,48903,20443,105577,
EURUSD,2003-02-04,37222,6556,594,    4847,21625,82247,49090,19134,108531,
EURUSD,2003-02-11,29992,7694,618,   -7230,23476,77469,53367,21672,107453,
EURUSD,2003-02-18,31970,6485,259,    1978,24629,78293,51244,23065,108102,
EURUSD,2003-02-25,29793,9730,969,   -2177,26356,74269,48309,20459,105427,
EURUSD,2003-03-04,34972,4997,646,    5179,35724,94443,51672,22928,123014,
EURUSD,2003-03-11,35344,5078,426,     372,48407,105656,52069,25086,136246,
EURUSD,2003-03-18,18948,5609,291,  -16396,22407,55066,37119,17799,78765,
EURUSD,2003-03-25,16336,8742,41,   -2612,24956,47292,31101,16359,72434,
EURUSD,2003-04-01,16707,6143,153,     371,22378,50451,36713,19204,75951,
EURUSD,2003-04-08,15619,2474,100,   -1088,19364,48155,36329,20683,71412,
EURUSD,2003-04-15,16934,2729,100,    1315,24520,54713,36085,20097,77639,
EURUSD,2003-04-22,27788,3401,204,   10854,25211,68091,42779,24286,95982,
EURUSD,2003-04-29,31023,3018,166,    3235,23951,74592,48729,26093,103869,
EURUSD,2003-05-06,34554,2584,137,    3531,29230,81472,51161,30889,115082,
EURUSD,2003-05-13,28679,3776,277,   -5875,22984,66704,48990,30173,100930,
EURUSD,2003-05-20,30918,4020,1259,    2239,24360,74601,52179,28836,108716,
EURUSD,2003-05-27,31242,7129,801,     324,26381,69677,51605,32422,110029,
EURUSD,2003-06-03,35738,5705,335,    4496,28438,82589,50929,26811,115440,
EURUSD,2003-06-10,32439,6177,852,   -3299,48533,97488,54559,31866,136383,
EURUSD,2003-06-17,33888,5765,574,    1449,19724,73401,49066,23512,103252,
EURUSD,2003-06-24,27814,4344,275,   -6074,22540,69143,44227,21094,94856,
EURUSD,2003-07-01,28532,4902,185,     718,25643,71594,47357,25036,101717,
EURUSD,2003-07-08,25188,6027,309,   -3344,26694,66038,42425,22242,94616,
EURUSD,2003-07-15,22847,6652,607,   -2341,33860,65327,41861,26589,99175,
EURUSD,2003-07-22,18266,5113,715,   -4581,38271,67483,39207,23148,96459,
EURUSD,2003-07-29,17608,5188,1266,    -658,34149,68502,43249,21316,96272,
EURUSD,2003-08-05,16777,2888,1298,    -831,35466,69227,39758,19886,93299,
EURUSD,2003-08-12,18505,3803,1211,    1728,36733,72336,41074,20173,97523,
EURUSD,2003-08-19,16930,7809,713,   -1575,37631,60069,40512,27195,95786,
EURUSD,2003-08-26,14690,12017,849,   -2240,40446,59159,44129,28089,100114,
EURUSD,2003-09-02,14372,12243,1221,    -318,47245,63189,44335,30520,107173,
EURUSD,2003-09-09,13438,10933,1437,    -934,53083,69694,46982,32876,114940,
EURUSD,2003-09-16,11847,7123,492,   -1591,28498,50958,39754,22018,80591,
EURUSD,2003-09-23,15340,6563,622,    3493,21389,53635,45198,21729,82549,
EURUSD,2003-09-30,18650,5001,340,    3310,18884,58731,53990,27792,91864,
EURUSD,2003-10-07,25794,5769,50,    7144,19886,65167,51093,25837,96823,
EURUSD,2003-10-14,29854,4860,50,    4060,21711,75716,54300,25289,105915,
EURUSD,2003-10-21,28987,4874,15,    -867,26125,76465,51388,25161,106515,
EURUSD,2003-10-28,28893,4688,87,     -94,22558,75056,51304,23011,102842,
EURUSD,2003-11-04,21858,2285,127,   -7035,30611,71620,46347,24911,98943,
EURUSD,2003-11-11,21264,3345,495,    -594,33138,73291,47929,25695,102826,
EURUSD,2003-11-18,37534,2988,1082,   16270,31787,87711,55193,33815,125596,
EURUSD,2003-11-25,33819,3322,569,   -3715,34228,90331,54264,28658,122880,
EURUSD,2003-12-02,35337,4657,118,    1518,41775,96997,58321,33779,135551,1.208897
EURUSD,2003-12-09,33513,5515,204,   -1824,63614,109882,55301,37031,152632,1.224995
EURUSD,2003-12-16,39854,5071,613,    6341,28939,85043,49756,28435,119162,1.232195
EURUSD,2003-12-22,38595,4887,16,   -1259,31053,85352,48826,28235,118490,1.239895
EURUSD,2003-12-30,38530,4974,16,     -65,33190,85465,47359,28640,119095,1.254894
EURUSD,2004-01-06,36578,6668,101,   -1952,37420,86242,52343,33431,126442,1.272103
EURUSD,2004-01-13,35894,8957,245,    -684,40431,90936,53940,30372,130510,1.278593
EURUSD,2004-01-20,35293,7050,682,    -601,44234,88583,49339,33233,129548,1.258907
EURUSD,2004-01-27,36682,3384,1084,    1389,42527,92411,48877,32291,129170,1.263695
EURUSD,2004-02-03,31305,10859,448,   -5377,47942,84663,44617,28342,124312,1.253494
EURUSD,2004-02-10,33820,7578,284,    2515,45495,90863,48808,29682,128407,1.268504
EURUSD,2004-02-17,35758,7349,336,    1938,54490,102550,54731,35080,145315,1.285793
EURUSD,2004-02-24,31780,5413,589,   -3978,54642,94386,46493,33116,133504,1.267797
EURUSD,2004-03-02,24451,7423,776,   -7329,62136,94594,48299,32869,135662,1.220405
EURUSD,2004-03-09,24065,10000,619,    -386,71601,97855,46076,33887,142361,1.231906
EURUSD,2004-03-16,17522,9068,86,   -6543,28626,48552,41156,29684,87390,1.226106
EURUSD,2004-03-23,18389,8096,144,     867,36503,58796,40580,28580,95616,1.234507
EURUSD,2004-03-30,17155,10981,135,   -1234,43769,57032,39831,32742,100890,1.218502
EURUSD,2004-04-06,18589,12572,102,    1434,46112,57921,42611,36819,107414,1.213106
EURUSD,2004-04-12,18074,12331,102,    -515,49513,62828,41388,33816,109077,1.207307
EURUSD,2004-04-20,22037,12238,115,    3963,51488,65820,41178,36645,114818,1.184806
EURUSD,2004-04-27,19136,13566,430,   -2901,58644,68137,41500,37577,119710,1.192905
EURUSD,2004-05-04,19501,12502,285,     365,62692,72433,41692,38950,124170,1.210507
EURUSD,2004-05-11,23484,11006,111,    3983,60552,79472,43261,36819,127408,1.188199
EURUSD,2004-05-18,22806,9384,41,    -678,78479,97371,44248,38778,145574,1.194501
EURUSD,2004-05-25,26589,7875,39,    3783,76254,100069,45739,40638,148621,1.210097
EURUSD,2004-06-01,30690,8496,574,    4101,73410,114256,54916,36264,159590,1.2245
EURUSD,2004-06-08,33175,9701,448,    2485,76675,120564,48874,28459,159172,1.226106
EURUSD,2004-06-15,23114,6526,197,  -10061,21216,53066,41126,25864,85653,1.216604
EURUSD,2004-06-22,21435,9356,197,   -1679,31374,58131,39557,24879,92563,1.212195
EURUSD,2004-06-29,22478,8723,667,    1043,43577,71109,39860,26083,106582,1.209804
EURUSD,2004-07-06,27466,8429,49,    4988,49622,87848,48062,28873,125199,1.228501
EURUSD,2004-07-13,39391,8379,466,   11925,58143,108543,49585,30197,147585,1.233304
EURUSD,2004-07-20,43666,7565,254,    4275,50330,106280,50963,31114,145213,1.233395
EURUSD,2004-07-27,25479,8552,219,  -18187,64008,97792,48268,31411,137974,1.206404
EURUSD,2004-08-03,22799,10557,229,   -2680,87698,115517,46242,30665,156968,1.205298
EURUSD,2004-08-10,24370,7513,385,    1571,84712,116842,44782,29509,154249,1.223601
EURUSD,2004-08-17,30307,4608,102,    5937,74620,123949,49252,25622,154281,1.234507
EURUSD,2004-08-24,28134,3518,146,   -2173,76606,131663,60080,29639,164966,1.208196
EURUSD,2004-08-31,29212,8385,481,    1078,81711,130509,59921,31950,171325,1.217804
EURUSD,2004-09-07,27671,9639,353,   -1541,81065,125572,59781,33306,168870,1.209907
EURUSD,2004-09-14,30651,4793,155,    2980,17920,58386,41970,27362,90696,1.226001
EURUSD,2004-09-21,32698,7251,66,    2047,16077,55318,42583,28789,91424,1.232894
EURUSD,2004-09-28,36015,3681,69,    3317,27731,74935,43729,28859,107544,1.232104
EURUSD,2004-10-05,50305,5494,275,   14290,33621,99613,48099,26918,132300,1.231603
EURUSD,2004-10-12,44461,6366,65,   -5844,35406,98103,52465,27863,132397,1.232104
EURUSD,2004-10-19,43487,6975,115,    -974,32689,89593,54095,33703,130386,1.251894
EURUSD,2004-10-26,50767,5236,166,    7280,39054,109011,60495,36069,150482,1.276503
EURUSD,2004-11-02,60468,7003,163,    9701,35031,117092,62749,34153,158411,1.272006
EURUSD,2004-11-09,68576,11047,441,    8108,52277,134586,64288,39508,185582,1.289907
EURUSD,2004-11-16,66875,12847,756,   -1701,63861,139153,71979,50715,203471,1.296193
EURUSD,2004-11-23,66849,34588,782,     -26,81674,148495,84554,49994,233859,1.309706
EURUSD,2004-11-30,61453,36968,1346,   -5396,82034,140039,88421,54901,233254,1.329805
EURUSD,2004-12-07,57209,33095,1379,   -4244,83513,136066,81707,53268,223808,1.343093
EURUSD,2004-12-14,36764,51306,537,  -20445,46052,41269,53060,43301,136413,1.330902
EURUSD,2004-12-21,39467,51631,997,    2703,48636,46674,58050,47848,147150,1.336898
EURUSD,2004-12-28,44526,27712,1347,    5059,42625,65999,59189,52629,147687,1.359398
EURUSD,2005-01-04,35806,24735,1315,   -8720,37380,63543,66690,51598,141191,1.328198
EURUSD,2005-01-11,33414,17233,570,   -2392,38897,68858,70904,57124,143785,1.311699
EURUSD,2005-01-18,28380,18467,889,   -5034,44413,62300,57979,50005,131661,1.301795
EURUSD,2005-01-25,25401,24633,574,   -2979,56009,61407,49219,44589,131203,1.297101
EURUSD,2005-02-01,25980,24055,530,     579,57821,64246,44879,40379,129210,1.3039
EURUSD,2005-02-08,26185,26816,708,     205,63001,70153,62483,54700,152377,1.276992
EURUSD,2005-02-15,28112,28357,818,    1927,68660,71807,50541,47149,148131,1.301693
EURUSD,2005-02-22,29004,24980,1616,     892,70354,79321,63987,59044,164961,1.326102
EURUSD,2005-03-01,46880,13462,1179,   17876,60219,108439,61664,46862,169942,1.317193
EURUSD,2005-03-08,37116,14526,550,   -9764,70109,108157,61386,45928,169161,1.335203
EURUSD,2005-03-15,42647,12735,227,    5531,26959,68607,52538,40802,122371,1.331009
EURUSD,2005-03-22,36967,9768,183,   -5680,27075,63385,50846,41735,115071,1.307702
EURUSD,2005-03-29,30250,12497,218,   -6717,39394,63903,47026,40270,116888,1.293795
EURUSD,2005-04-05,26469,19571,192,   -3781,53567,60949,45851,45367,126079,1.285793
EURUSD,2005-04-12,30092,24332,522,    3623,58423,68977,41988,37194,131025,1.291506
EURUSD,2005-04-19,23613,18592,357,   -6479,54810,65542,39801,34090,118581,1.306506
EURUSD,2005-04-26,23524,19305,1194,     -89,63574,69751,44738,42780,133030,1.298499
EURUSD,2005-05-03,26070,21195,563,    2546,65969,73021,45416,43239,138018,1.288693
EURUSD,2005-05-10,27335,28879,750,    1265,73185,70847,47461,48255,148731,1.288693
EURUSD,2005-05-17,22232,35720,1058,   -5103,88051,69952,45519,50130,156860,1.260303
EURUSD,2005-05-24,24631,39952,1274,    2399,92321,68523,43919,52396,162145,1.256802
EURUSD,2005-05-31,24211,42521,1043,    -420,103595,83901,61645,63029,190494,1.2308
EURUSD,2005-06-07,22939,40710,629,   -1272,125244,105308,44895,47060,193707,1.227898
EURUSD,2005-06-14,26335,46000,1613,    3396,65262,42453,47023,50167,140233,1.202603
EURUSD,2005-06-21,26061,47343,1652,    -274,69289,44387,45564,49184,142566,1.217404
EURUSD,2005-06-28,31816,46057,1572,    5755,62859,46580,42925,44963,139172,1.207307
EURUSD,2005-07-05,23019,47891,1693,   -8797,73540,46146,50708,53230,148960,1.193104
EURUSD,2005-07-12,24267,32115,485,    1248,72930,59128,42604,48558,140286,1.223002
EURUSD,2005-07-19,23055,34925,293,   -1212,74964,60278,44740,47556,143052,1.202993
EURUSD,2005-07-26,24520,32816,651,    1465,71960,64853,47654,46465,144785,1.201706
EURUSD,2005-08-02,24408,24599,626,    -112,72783,74601,45777,43768,143594,1.219393
EURUSD,2005-08-09,28507,24276,1148,    4099,70541,74659,45563,45676,145759,1.237808
EURUSD,2005-08-16,27289,26705,911,   -1218,73571,77537,46647,43265,148418,1.234995
EURUSD,2005-08-23,24238,30004,1018,   -3051,77787,73001,42046,41066,145089,1.223496
EURUSD,2005-08-30,26465,30084,1169,    2227,90759,88098,35338,34380,153731,1.221807
EURUSD,2005-09-06,38768,15250,1007,   12303,80291,109602,40952,35159,161018,1.245795
EURUSD,2005-09-13,29321,21736,1594,   -9447,88697,101633,43131,37780,162743,1.228003
EURUSD,2005-09-20,29052,30480,832,    -269,52941,47456,35841,39898,118666,1.211901
EURUSD,2005-09-27,32927,34530,1192,    3875,64263,56575,37316,43401,135698,1.201894
EURUSD,2005-10-04,34646,36544,812,    1719,68778,56196,39102,49786,143338,1.191895
EURUSD,2005-10-11,30103,25311,1245,   -4543,61280,58641,38370,45801,130998,1.198495
EURUSD,2005-10-18,25238,24383,763,   -4865,73072,68315,45348,50960,144421,1.1955
EURUSD,2005-10-25,20794,23352,1672,   -4444,77812,70441,50965,55778,151243,1.211196
EURUSD,2005-11-01,26432,19434,918,    5638,73569,75190,43387,48764,144306,1.2024
EURUSD,2005-11-08,29558,36185,1375,    3126,81207,68774,47738,53544,159878,1.176803
EURUSD,2005-11-15,31487,44709,2096,    1929,94478,73806,47204,54654,175265,1.173199
EURUSD,2005-11-22,35452,46579,3216,    3965,97074,80164,49876,55659,185618,1.181405
EURUSD,2005-11-29,30467,48599,3052,   -4985,101892,83991,46720,46489,182131,1.176803
EURUSD,2005-12-06,28784,51356,3376,   -1683,103103,79708,44090,44913,179353,1.179802
EURUSD,2005-12-13,28088,29151,2760,    -696,117671,114350,43873,46131,192392,1.1949
EURUSD,2005-12-20,24852,20348,2443,   -3236,50514,58508,45636,42146,123445,1.187493
EURUSD,2005-12-27,25937,21359,2384,    1085,44261,50356,39788,38271,112370,1.185607
EURUSD,2006-01-03,36013,24782,2420,   10076,36844,48533,43961,43503,119238,1.203297
EURUSD,2006-01-10,42096,20135,2455,    6083,34870,63074,47965,41722,127386,1.206404
EURUSD,2006-01-17,41207,19996,2730,    -889,36151,69669,49477,37170,129565,1.210844
EURUSD,2006-01-24,56834,19370,3315,   15627,33491,89341,50968,32582,144608,1.226497
EURUSD,2006-01-31,58564,22182,2382,    1730,36469,89459,50538,33930,147953,1.214845
EURUSD,2006-02-07,45622,26657,1662,  -12942,44620,75293,48217,36509,140121,1.1993
EURUSD,2006-02-14,43279,31323,1688,   -2343,50461,69907,45530,38040,140958,1.191597
EURUSD,2006-02-21,42097,32012,1734,   -1182,58946,75683,48523,41871,151300,1.191995
EURUSD,2006-02-28,50882,32480,1482,    8785,56481,82130,50836,43589,159681,1.193004
EURUSD,2006-03-07,49877,35999,2590,   -1005,75783,98478,49145,40328,177395,1.189004
EURUSD,2006-03-14,55058,27074,1435,    5181,35565,69607,42812,36754,134870,1.201894
EURUSD,2006-03-21,58377,16925,485,    3319,33700,88412,48974,35714,141536,1.2108
EURUSD,2006-03-28,56336,15525,810,   -2041,35558,93460,48011,30920,140715,1.2011
EURUSD,2006-04-04,67859,15467,655,   11523,43679,113080,49728,32719,161921,1.226001
EURUSD,2006-04-11,58717,17087,2012,   -9142,46263,110321,52318,29890,159310,1.214801
EURUSD,2006-04-18,70019,14677,1320,   11302,38561,118525,55841,31219,165741,1.236705
EURUSD,2006-04-25,79841,14316,713,    9822,38061,130344,58625,31867,177240,1.2429
EURUSD,2006-05-02,90615,16141,1346,   10774,39152,138150,55961,31437,187074,1.261702
EURUSD,2006-05-09,87975,15064,1780,   -2640,43091,142504,65655,39153,198501,1.276699
EURUSD,2006-05-16,87436,14060,1831,    -539,45579,143424,60408,35939,195254,1.285
EURUSD,2006-05-23,87361,15285,2317,     -75,50079,146064,58049,34140,197806,1.278298
EURUSD,2006-05-30,96864,16980,1246,    9503,39005,138891,58387,38385,195502,1.286505
EURUSD,2006-06-06,102560,14364,1179,    5696,40541,154767,65272,39242,209552,1.282199
EURUSD,2006-06-13,72732,10886,1373,  -29828,64770,152800,63519,37335,202394,1.254595
EURUSD,2006-06-20,66017,13527,381,   -6715,17807,94376,48399,24320,132604,1.258907
EURUSD,2006-06-27,77942,13272,396,   11925,18274,106720,51554,27778,148166,1.256897
EURUSD,2006-07-03,87088,18543,518,    9146,21368,114031,53130,29012,162104,1.280098
EURUSD,2006-07-11,92291,14396,277,    5203,19781,128562,55720,24834,168069,1.276748
EURUSD,2006-07-18,67816,16122,449,  -24475,29176,101106,55354,35118,152795,1.250203
EURUSD,2006-07-25,66687,16386,687,   -1129,30207,100022,48873,29359,146454,1.2584
EURUSD,2006-08-01,85072,11643,645,   18385,20935,118798,51204,26770,157856,1.282002
EURUSD,2006-08-08,101133,9025,537,   16061,22548,144363,53545,23838,177763,1.276699
EURUSD,2006-08-15,99050,8846,686,   -2083,25418,143147,53607,26082,178761,1.2791
EURUSD,2006-08-22,89994,8524,799,   -9056,27222,139078,57928,27542,175943,1.281197
EURUSD,2006-08-29,88423,8786,1654,   -1571,25123,129589,54968,30139,170168,1.282907
EURUSD,2006-09-05,86223,11207,2763,   -2200,25562,129665,56478,27391,171026,1.282397
EURUSD,2006-09-12,79626,12909,2040,   -6597,34073,118677,52744,34857,168483,1.269503
EURUSD,2006-09-19,69197,18083,1221,  -10429,15429,79941,45551,32153,131398,1.2677
EURUSD,2006-09-26,67422,17480,818,   -1775,19561,89145,49154,29512,136955,1.268698
EURUSD,2006-10-03,76049,19832,1349,    8627,18656,90524,46148,30497,142202,1.273496
EURUSD,2006-10-10,69105,32577,2814,   -6944,27412,77236,51464,38168,150795,1.253196
EURUSD,2006-10-17,69850,43258,2545,     745,32824,67746,49391,41061,154610,1.254501
EURUSD,2006-10-24,70934,43783,2884,    1084,38127,70020,46089,41347,158034,1.255903
EURUSD,2006-10-31,84563,24515,3478,   13629,24644,102923,49545,31314,162230,1.276699
EURUSD,2006-11-07,96738,27813,3344,   12175,25137,119259,53018,27821,178237,1.277906
EURUSD,2006-11-14,81912,21437,3247,  -14826,30625,114891,54825,31034,170609,1.281394
EURUSD,2006-11-21,84717,19411,3160,    2805,35293,125408,55522,30713,178692,1.284604
EURUSD,2006-11-28,107372,17778,5036,   22655,33719,142555,61446,42204,207573,1.320393
EURUSD,2006-12-05,115201,16936,6365,    7829,34887,163201,67280,37231,223733,1.331895
EURUSD,2006-12-12,112188,15505,5889,   -3013,46473,175717,65695,33134,230245,1.328498
EURUSD,2006-12-19,110993,19023,1521,   -1195,19007,144006,62558,29529,194079,1.320707
EURUSD,2006-12-26,100959,20989,1788,  -10034,22399,138364,61609,25614,186755,1.310994
EURUSD,2007-01-03,98245,20789,1148,   -2714,26506,136076,63713,31599,189612,1.317107
EURUSD,2007-01-09,93415,18243,1330,   -4830,28061,132400,60487,31320,183293,1.299697
EURUSD,2007-01-16,67482,13940,2033,  -25933,31321,108505,63758,40116,164594,1.292006
EURUSD,2007-01-23,77516,16506,1793,   10034,34954,115543,55255,35676,169518,1.302304
EURUSD,2007-01-30,85505,22926,1525,    7989,34053,112355,53135,37412,174218,1.296596
EURUSD,2007-02-06,74223,28893,1938,  -11282,51936,117568,54569,34267,182666,1.298398
EURUSD,2007-02-13,105371,21576,1668,   31148,26385,132507,53662,31335,187086,1.303203
EURUSD,2007-02-20,117811,18485,2195,   12440,27304,150840,55060,30850,202370,1.314803
EURUSD,2007-02-27,123508,20910,2738,    5697,33476,165096,61749,32727,221471,1.323206
EURUSD,2007-03-06,107164,18485,2323,  -16344,36846,152682,54986,27829,201319,1.313802
EURUSD,2007-03-13,113009,16854,2314,    5845,44465,167858,56911,29673,216699,1.319
EURUSD,2007-03-20,106188,18232,621,   -6821,18674,135405,57108,28333,182591,1.331593
EURUSD,2007-03-27,116347,22606,654,   10159,19438,138232,56479,31426,192918,1.336505
EURUSD,2007-04-03,118379,23301,660,    2032,18325,143338,61004,31069,198368,1.332498
EURUSD,2007-04-10,126947,22553,866,    8568,22579,152751,61695,35917,212087,1.343201
EURUSD,2007-04-17,129044,22274,741,    2097,22960,158914,64702,35518,217447,1.357202
EURUSD,2007-04-24,137322,26040,852,    8278,26774,166155,67364,39265,232312,1.363605
EURUSD,2007-05-01,135399,28711,1056,   -1923,31403,166590,67391,38892,235249,1.3601
EURUSD,2007-05-08,130342,25072,2072,   -5057,30399,160424,60551,35796,223364,1.354096
EURUSD,2007-05-15,146922,27384,2594,   16580,28486,170028,58771,36767,236773,1.359601
EURUSD,2007-05-22,126860,31573,3132,  -20062,35859,145736,53046,38456,218897,1.345207
EURUSD,2007-05-29,124206,29887,2967,   -2654,30545,146256,56153,34761,213871,1.344592
EURUSD,2007-06-05,119341,34376,2729,   -4865,33497,136957,59381,40886,214948,1.352009
EURUSD,2007-06-12,93562,42924,2945,  -25779,71199,140403,60186,41620,227892,1.330601
EURUSD,2007-06-19,85173,38832,926,   -8389,47546,113147,50130,30870,183775,1.342408
EURUSD,2007-06-26,92876,25443,688,    7703,38856,125552,51473,32210,183893,1.344899
EURUSD,2007-07-03,101643,25119,1330,    8767,29601,136922,62426,31629,195000,1.361192
EURUSD,2007-07-10,129843,26947,1561,   28200,27319,157712,64951,37454,223674,1.376008
EURUSD,2007-07-17,123364,24179,2055,   -6479,31096,163661,64722,31342,221237,1.379006
EURUSD,2007-07-24,126890,30475,2015,    3526,31658,162016,65218,31275,225781,1.382495
EURUSD,2007-07-31,104189,25736,2002,  -22701,49491,154719,58845,32070,214527,1.367204
EURUSD,2007-08-07,111634,32605,2602,    7445,53782,161026,59514,31299,227532,1.374098
EURUSD,2007-08-14,90832,26158,4081,  -20802,71894,158307,51739,30000,218546,1.353491
EURUSD,2007-08-21,74037,35574,5498,  -16795,88533,147372,47958,27582,216026,1.345497
EURUSD,2007-08-28,74495,31669,5085,     458,98326,152882,43192,31462,221098,1.359897
EURUSD,2007-09-04,78483,31838,3178,    3988,91240,155853,48761,30793,221662,1.362008
EURUSD,2007-09-11,86476,28262,2429,    7993,93096,173688,53168,30790,235169,1.384006
EURUSD,2007-09-18,123169,37120,1320,   36693,25057,136525,53891,28472,203437,1.397995
EURUSD,2007-09-25,122295,38847,1808,    -874,29894,131573,55655,37424,209652,1.415208
EURUSD,2007-10-02,132323,37883,1493,   10028,24276,137838,56469,37347,214561,1.415208
EURUSD,2007-10-09,117894,30728,1745,  -14429,26551,136226,58003,35494,204193,1.410696
EURUSD,2007-10-16,116748,30144,1911,   -1146,32931,141380,56755,34910,208345,1.417696
EURUSD,2007-10-23,100683,31667,1710,  -16065,39483,124130,54037,38406,195913,1.425801
EURUSD,2007-10-30,100809,31961,1771,     126,41037,128135,55865,37615,199482,1.444002
EURUSD,2007-11-06,109002,32954,1777,    8193,48039,144656,58947,38378,217765,1.45641
EURUSD,2007-11-13,98821,29392,1863,  -10181,63973,149796,55209,38815,219866,1.462095
EURUSD,2007-11-20,98548,28520,1433,    -273,70157,154389,57102,42898,227240,1.483305
EURUSD,2007-11-27,91335,24779,1455,   -7213,75599,155245,54492,41402,222881,1.48379
EURUSD,2007-12-04,93659,24542,2827,    2324,85243,167434,54378,41304,236107,1.476603
EURUSD,2007-12-11,91012,27638,7363,   -2647,110298,186059,50804,38417,259477,1.466491
EURUSD,2007-12-18,67396,36247,1328,  -23616,33923,78738,47518,33852,150165,
EURUSD,2007-12-24,68111,37470,1272,     715,44647,87263,43349,31374,157379,1.439698
EURUSD,2007-12-31,71697,35042,1248,    3586,48525,93036,44951,37095,166421,1.46011
EURUSD,2008-01-08,85915,34013,1484,   14218,41398,108936,50715,35079,179512,1.557099
EURUSD,2008-01-15,81812,36830,1301,   -4103,42254,102175,51636,36697,177003,1.48021
EURUSD,2008-01-22,65581,41836,1313,  -16231,63634,99499,53761,41641,184289,1.464794
EURUSD,2008-01-29,62078,39622,2407,   -3503,77332,111456,45963,34295,187780,1.477192
EURUSD,2008-02-05,60106,47542,2113,   -1972,86513,109379,50762,40460,199494,1.463807
EURUSD,2008-02-12,55016,44721,2025,   -5090,103545,118882,47015,41973,207601,1.458194
EURUSD,2008-02-19,60926,46196,1193,    5910,101376,120377,45648,41377,209143,1.472993
EURUSD,2008-02-26,75598,43820,1847,   14672,88983,128844,51093,43010,217521,1.49961
EURUSD,2008-03-04,73238,41228,2592,   -2360,99752,141064,50698,41396,226280,1.521005
EURUSD,2008-03-11,81646,52547,2245,    8408,118602,151616,42679,38764,245172,1.534189
EURUSD,2008-03-18,78310,51789,2071,   -3336,34582,65588,47511,43026,162474,1.565803
EURUSD,2008-03-25,90956,48185,1636,   12646,28157,74502,42837,39263,163586,1.561207
EURUSD,2008-04-01,80290,51218,2235,  -10666,36173,68641,47223,43827,165921,
EURUSD,2008-04-08,86826,57391,2153,    6536,41475,72091,44050,42869,174504,1.557802
EURUSD,2008-04-15,77532,57439,2653,   -9294,47123,70124,47940,45032,175248,1.578607
EURUSD,2008-04-22,81612,62705,3100,    4080,41337,63449,52003,48798,178052,1.598798
EURUSD,2008-04-29,48319,69634,2219,  -33293,95786,71281,44984,48174,191308,1.556711
EURUSD,2008-05-06,54383,66895,3628,    6064,100580,91173,45475,42370,204066,1.553591
EURUSD,2008-05-13,55409,64908,3069,    1026,106832,98679,42036,40690,207346,1.5477
EURUSD,2008-05-20,70240,63399,3481,   14831,94653,104525,44508,41477,212882,1.565411
EURUSD,2008-05-27,64503,67893,3506,   -5737,108565,110485,45667,40357,222241,1.569095
EURUSD,2008-06-03,55845,70299,3469,   -8658,128849,105376,42470,51489,230633,1.545022
EURUSD,2008-06-10,57544,65084,11537,    1699,148879,135196,36852,42995,254812,1.546408
EURUSD,2008-06-17,49514,58804,2623,   -8030,32128,27941,47791,42688,132056,1.552193
EURUSD,2008-06-24,57904,56472,2363,    8390,38893,49378,48115,39062,147275,1.557002
EURUSD,2008-07-01,88162,60479,2257,   30258,40013,73450,49453,43699,179885,
EURUSD,2008-07-08,81210,57203,2883,   -6952,44165,69916,47953,46209,176211,1.53339
EURUSD,2008-07-15,85052,62003,3365,    3842,45934,78687,49185,39481,183536,1.589901
EURUSD,2008-07-22,70588,66517,3238,  -14464,52550,58424,45129,43326,171505,1.579205
EURUSD,2008-07-29,51585,67803,2528,  -19003,54512,35374,41308,44228,149933,1.55909
EURUSD,2008-08-05,55538,64985,2778,    3953,59169,45026,42826,47522,160311,
EURUSD,2008-08-12,39822,59249,4152,  -15716,54139,35030,48122,47804,146235,
EURUSD,2008-08-19,39958,60322,3660,     136,55286,33789,54564,55697,153468,
EURUSD,2008-08-26,36026,69804,3328,   -3932,72360,34980,42730,46332,154444,1.464794
EURUSD,2008-09-02,37997,76620,3701,    1971,81688,38194,40072,44943,163458,1.451589
EURUSD,2008-09-09,35890,72322,4300,   -2107,98579,62462,44059,43744,182828,1.414847
EURUSD,2008-09-16,35314,75968,4720,    -576,68208,23682,33906,37778,142148,1.413507
EURUSD,2008-09-23,33266,64323,2058,   -2048,79367,48721,37331,36920,152022,1.469292
EURUSD,2008-09-30,27472,56404,5683,   -5794,91067,58098,49016,53053,173238,1.409642
EURUSD,2008-10-07,32058,50720,2994,    4586,92353,70752,52490,55429,179895,1.358806
EURUSD,2008-10-14,24274,54374,2574,   -7784,102280,65951,46682,52911,175810,1.361804
EURUSD,2008-10-21,23536,54156,2736,    -738,94815,61489,62975,65681,184062,1.306114
EURUSD,2008-10-28,25409,54461,3207,    1873,99852,67164,65292,68928,193760,1.280902
EURUSD,2008-11-04,27825,49258,2913,    2416,87091,60936,51779,56501,169608,1.298398
EURUSD,2008-11-11,25967,46588,2821,   -1858,92836,63077,48602,57740,170226,1.251596
EURUSD,2008-11-18,29073,46431,2553,    3106,86779,63127,46716,53010,165121,1.263695
EURUSD,2008-11-25,27389,48867,2687,   -1684,89976,70266,52314,50546,172366,1.303407
EURUSD,2008-12-02,29631,49828,2383,    2242,93058,73945,47946,46862,173018,1.271326
EURUSD,2008-12-09,29347,46015,4056,    -284,90454,82700,55461,46547,179318,1.292608
EURUSD,2008-12-16,30798,37424,994,    1451,47746,50434,39851,30537,119389,1.406193
EURUSD,2008-12-22,30977,34622,1399,     179,49358,56185,36812,26340,118546,1.395907
EURUSD,2008-12-30,32529,35733,1080,    1552,49384,56465,37506,27221,120499,1.414007
EURUSD,2009-01-06,33733,36108,1107,    1204,47299,58793,41739,27870,123878,1.351004
EURUSD,2009-01-13,26970,36318,1349,   -6763,51117,51090,38066,28745,117502,1.320202
EURUSD,2009-01-20,27780,35360,1140,     810,61010,55952,41784,39262,131714,1.288494
EURUSD,2009-01-27,32077,39566,1296,    4297,65248,61249,35933,32443,134554,1.321598
EURUSD,2009-02-03,35350,44402,1073,    3273,70629,67183,38404,32798,145456,1.301287
EURUSD,2009-02-10,33943,43937,1155,   -1407,76264,69706,41057,37621,152419,1.291406
EURUSD,2009-02-17,32809,48246,625,   -1134,85908,70830,38610,38251,157952,1.258194
EURUSD,2009-02-24,33201,43282,867,     392,94813,87296,38022,35458,166903,1.287399
EURUSD,2009-03-03,34175,53606,954,     974,110616,91184,38113,38114,183858,1.25318
EURUSD,2009-03-10,33930,44162,1919,    -245,104740,99415,39689,34782,180278,1.271666
EURUSD,2009-03-17,33657,42696,548,    -273,37055,34864,39817,32969,111077,1.303322
EURUSD,2009-03-24,32680,38138,592,    -977,37912,44237,41703,29920,112887,1.348127
EURUSD,2009-03-31,31906,29641,674,    -774,31025,44789,40799,29300,104404,1.324696
EURUSD,2009-04-07,31596,27724,444,    -310,40545,58703,40923,26637,113508,1.327739
EURUSD,2009-04-14,32836,27261,482,    1240,38217,55083,36769,25478,108304,1.327404
EURUSD,2009-04-21,29708,28111,634,   -3128,41574,46109,34763,31825,106679,1.293494
EURUSD,2009-04-28,30292,32365,256,     584,43424,41730,34620,34241,108592,1.313094
EURUSD,2009-05-05,35025,31657,478,    4733,39419,47642,35846,30991,110768,1.331593
EURUSD,2009-05-12,41355,30940,888,    6330,40143,60005,42113,32666,124499,1.364498
EURUSD,2009-05-19,41754,29504,561,     399,43028,65540,40129,29867,125472,1.363234
EURUSD,2009-05-26,47203,31619,660,    5449,44732,75899,46762,31179,139357,1.399404
EURUSD,2009-06-02,48585,41792,857,    1382,55089,77093,46473,31262,151004,1.430861
EURUSD,2009-06-09,49185,34161,2143,     600,56630,89250,42725,25129,150683,1.406331
EURUSD,2009-06-16,39854,27369,330,   -9331,24479,48713,41869,30120,106532,1.382992
EURUSD,2009-06-23,48252,30829,390,    8398,26865,53808,42570,33050,118077,1.407202
EURUSD,2009-06-30,47701,30482,385,    -551,26203,51561,40632,32493,114921,1.403883
EURUSD,2009-07-07,49042,38730,403,    1341,26172,52119,48418,32783,124035,1.391595
EURUSD,2009-07-14,44406,30507,433,   -4636,24948,54646,46899,31100,116686,1.397155
EURUSD,2009-07-21,66273,31501,464,   21867,24786,79766,51891,31683,143414,1.41985
EURUSD,2009-07-28,55671,35384,500,  -10602,26861,65511,53322,34959,136354,1.414607
EURUSD,2009-08-04,61443,34337,946,    5772,22984,72454,52864,30500,138237,1.441961
EURUSD,2009-08-11,46396,29585,564,  -15047,27364,63139,55898,36934,130222,1.415008
EURUSD,2009-08-18,38823,33091,774,   -7573,36807,58205,51236,35570,127640,1.416511
EURUSD,2009-08-25,48251,30080,1118,    9428,30702,69127,48580,28326,128651,1.428408
EURUSD,2009-09-01,42624,33607,1006,   -5627,38126,63345,46291,30089,128047,1.421202
EURUSD,2009-09-08,56543,38510,2788,   13919,38907,79614,51653,28979,149891,1.45041
EURUSD,2009-09-15,74562,36790,339,   18019,22673,86212,58775,33008,156349,1.467093
EURUSD,2009-09-22,76545,38545,373,    1983,30609,91187,55024,32446,162551,1.481196
EURUSD,2009-09-29,77852,38086,430,    1307,32122,94246,54509,32151,164913,1.459172
EURUSD,2009-10-06,86229,35184,356,    8377,30059,105599,54234,29739,170878,1.472169
EURUSD,2009-10-13,79762,36395,377,   -6467,30875,96922,55312,32632,166326,1.484605
EURUSD,2009-10-20,77829,41796,452,   -1933,38176,94579,53834,33464,170291,1.493451
EURUSD,2009-10-27,67843,34974,814,   -9986,40621,97333,55520,31677,164798,1.481701
EURUSD,2009-11-03,64023,41832,874,   -3820,44743,86446,51617,32105,161257,1.473101
EURUSD,2009-11-09,67904,42731,711,    3881,43340,87461,52237,33289,164192,1.500803
EURUSD,2009-11-17,64268,52312,385,   -3636,52687,83939,54985,35689,172325,1.487697
EURUSD,2009-11-24,70841,52374,502,    6573,53323,89903,49168,31055,173834,1.49667
EURUSD,2009-12-01,71123,48972,635,     282,49443,94717,53954,30831,175155,1.509001
EURUSD,2009-12-08,52035,52546,6028,  -19088,76017,92315,45214,28405,179294,1.469702
EURUSD,2009-12-15,42987,59435,671,   -9048,39669,40728,48690,31183,132017,1.454207
EURUSD,2009-12-22,40925,55252,462,   -2062,45292,46838,47921,32048,134600,1.425436
EURUSD,2009-12-29,34132,67929,899,   -6793,66911,41361,42210,33963,144152,1.434309
EURUSD,2010-01-05,37229,73017,868,    3097,75603,46052,42455,36218,156155,1.436596
EURUSD,2010-01-12,36186,54103,1833,   -1043,77041,65306,46227,40045,161287,1.44766
EURUSD,2010-01-19,34186,59468,1772,   -2000,80493,59772,48050,43489,164501,1.428102
EURUSD,2010-01-26,33106,72645,652,   -1080,107572,66224,43648,45457,184978,1.408232
EURUSD,2010-02-02,31207,74948,680,   -1899,110320,63773,44671,47477,186878,1.397624
EURUSD,2010-02-09,34867,92019,698,    3660,120004,56636,41888,48104,197457,1.378208
EURUSD,2010-02-16,34459,93881,796,    -408,119236,55730,41551,45635,196042,1.376709
EURUSD,2010-02-23,32728,104351,1723,   -1731,135199,56953,38824,45447,208474,1.352704
EURUSD,2010-03-02,35894,102664,1725,    3166,135287,66049,45897,48365,218803,1.362064
EURUSD,2010-03-09,32589,107140,2236,   -3305,169613,88988,39086,45160,243524,1.360692
EURUSD,2010-03-16,41800,88141,1431,    9211,82124,32720,38467,41530,163822,1.376879
EURUSD,2010-03-23,39953,114870,1314,   -1847,113860,31884,40160,47219,195287,1.346801
EURUSD,2010-03-30,35205,120531,1736,   -4748,147689,49896,38924,51391,223554,1.342408
EURUSD,2010-04-06,39036,106259,1087,    3831,129186,52156,39574,49381,208883,1.340195
EURUSD,2010-04-13,37157,92621,1284,   -1879,124881,58998,39877,50296,203199,1.360859
EURUSD,2010-04-20,33614,105038,2335,   -3543,130859,54711,41483,46207,208291,1.343508
EURUSD,2010-04-27,34462,123475,4296,     848,155391,58045,44149,52482,238298,1.317072
EURUSD,2010-05-04,36675,140077,2898,    2213,175841,62928,45662,55173,261076,1.296395
EURUSD,2010-05-11,39584,153474,2753,    2909,197808,73314,47444,58048,287589,1.262993
EURUSD,2010-05-18,54411,161554,2724,   14827,195262,76108,48129,60140,300526,1.217893
EURUSD,2010-05-25,45630,152366,2113,   -8781,190207,72954,44016,54533,281966,1.234598
EURUSD,2010-06-01,45006,138331,3249,    -624,176197,79109,50814,54577,275266,1.223301
EURUSD,2010-06-08,45938,157883,9895,     932,198558,87172,50669,50110,305060,1.197203
EURUSD,2010-06-15,49526,111886,1855,    3588,133605,58614,42646,55277,227632,1.231906
EURUSD,2010-06-22,41013,111987,764,   -8513,139417,58197,42856,53102,224050,1.227506
EURUSD,2010-06-29,43357,117027,961,    2344,140113,56627,41321,51137,225752,1.218635
EURUSD,2010-07-06,56316,95225,1612,   12959,122675,80214,47730,51282,228333,1.262403
EURUSD,2010-07-13,56187,83237,963,    -129,123535,88641,45018,52862,225703,1.272087
EURUSD,2010-07-20,55008,79259,1990,   -1179,130879,97825,42241,51044,230118,1.289308
EURUSD,2010-07-27,56622,77961,1791,    1614,130508,101249,43272,51192,232193,1.299089
EURUSD,2010-08-03,60410,67707,2116,    3788,127496,116469,46079,49809,236101,1.322506
EURUSD,2010-08-10,55797,59528,1314,   -4613,132681,127762,44484,45672,234276,1.322996
EURUSD,2010-08-17,61324,75951,1251,    5527,137257,124115,50258,48773,250090,1.281197
EURUSD,2010-08-24,54591,76194,1198,   -6733,142830,118301,46829,49755,245448,1.263504
EURUSD,2010-08-31,51099,76668,2181,   -3492,143877,112447,43976,49837,241133,1.266592
EURUSD,2010-09-07,53156,76855,2553,    2057,148315,118728,53764,59652,257788,1.286836
EURUSD,2010-09-14,54543,64187,1022,    1387,67986,58316,47100,47126,170651,1.2872
EURUSD,2010-09-21,52300,47203,2605,   -2243,63931,70956,48627,46699,167463,1.306694
EURUSD,2010-09-28,70638,35308,925,   18338,64109,106549,54367,47257,190039,1.343905
EURUSD,2010-10-05,72979,24736,2085,    2341,66364,122353,55978,48232,197406,1.367409
EURUSD,2010-10-12,68718,27207,2883,   -4261,73180,122239,53055,45507,197836,1.388021
EURUSD,2010-10-19,74855,28107,2304,    6137,80283,143118,62319,46232,219761,1.393592
EURUSD,2010-10-26,70109,29604,2855,   -4746,79733,130949,56406,45695,209103,1.394895
EURUSD,2010-11-02,70185,31575,3179,      76,74771,125394,58837,46824,206972,1.391091
EURUSD,2010-11-09,61477,38194,5508,   -8708,80065,117860,57478,42966,204528,1.386963
EURUSD,2010-11-16,54708,46102,4768,   -6769,82056,99611,54066,45117,195598,1.357478
EURUSD,2010-11-23,43670,51963,5108,  -11038,90172,91128,48239,38990,187189,1.360193
EURUSD,2010-11-30,47264,54512,3853,    3594,96865,94867,55948,50698,203930,1.310393
EURUSD,2010-12-07,32322,47612,3554,  -14942,115122,92641,47101,54292,198099,1.328692
EURUSD,2010-12-14,35689,45993,246,    3367,63095,50387,47751,50155,146781,1.339549
EURUSD,2010-12-21,38604,52697,671,    2915,68741,54908,48120,47860,156136,1.311802
EURUSD,2010-12-28,33833,60312,852,   -4771,80025,52498,47602,48650,162312,1.318965
EURUSD,2011-01-04,37102,61303,1185,    3269,77703,52848,47249,47903,163239,1.335684
EURUSD,2011-01-11,42359,87541,1317,    5257,108835,58443,49493,54703,202004,1.296496
EURUSD,2011-01-18,67309,63200,1634,   24950,65807,71021,54183,53078,188933,1.328392
EURUSD,2011-01-25,73488,50587,1097,    6179,62983,91071,62138,56951,199706,1.364405
EURUSD,2011-02-01,80381,40447,2464,    6893,65404,111805,63481,57014,211730,1.371385
EURUSD,2011-02-08,73502,38768,3521,   -6879,65994,113877,60524,47375,203541,1.359194
EURUSD,2011-02-15,63395,30931,3356,  -10107,69268,111581,57285,47436,193304,1.348109
EURUSD,2011-02-22,77454,31856,3730,   14059,68789,122623,57896,49660,207869,1.368232
EURUSD,2011-03-01,83104,31796,4271,    5650,66564,129694,63127,51305,217066,1.382151
EURUSD,2011-03-08,98171,35877,10602,   15067,93190,167583,61739,49640,263702,1.396394
EURUSD,2011-03-15,86506,40190,1945,  -11665,44477,108111,57920,40602,190848,1.399208
EURUSD,2011-03-22,81574,33221,2035,   -4932,53020,113015,58080,46438,194709,1.421707
EURUSD,2011-03-29,93031,36401,2150,   11457,62196,134511,60800,45115,218177,1.407975
EURUSD,2011-04-05,99405,39548,1499,    6374,70097,146642,65269,48581,236270,1.42201
EURUSD,2011-04-12,105425,40440,1700,    6020,69054,151768,67024,49295,243203,1.443793
EURUSD,2011-04-19,102686,40491,1889,   -2739,74976,155704,64455,45922,244006,1.422394
EURUSD,2011-04-26,105683,37404,2237,    2997,72619,161952,68461,47407,249000,1.457896
EURUSD,2011-05-03,128460,28944,2867,   22777,62075,186930,70935,45596,264337,1.482382
EURUSD,2011-05-10,98054,36607,1214,  -30406,83295,163027,60364,42079,242927,1.437608
EURUSD,2011-05-17,89941,48296,1133,   -8113,105953,157756,53506,43348,250533,1.415809
EURUSD,2011-05-24,75182,56053,896,  -14759,134068,156886,48517,44828,258663,1.403666
EURUSD,2011-05-31,80494,58524,1719,    5312,136097,164386,51791,45472,270101,1.432234
EURUSD,2011-06-07,96555,44719,1155,   16061,133843,193019,64573,57233,296126,1.4583
EURUSD,2011-06-14,84580,34686,522,  -11975,48746,113295,56525,41870,190373,1.441691
EURUSD,2011-06-21,72153,42382,592,  -12427,62478,103169,53967,43047,189190,1.432542
EURUSD,2011-06-28,68800,35813,753,   -3353,57791,101137,55862,45503,183206,1.43168
EURUSD,2011-07-05,81860,38666,953,   13060,54485,111116,57031,43594,194329,1.455307
EURUSD,2011-07-12,61392,48976,657,  -20468,70726,86428,52766,49480,185541,1.40406
EURUSD,2011-07-19,58580,49334,1022,   -2812,77199,83685,43513,46273,180314,1.411194
EURUSD,2011-07-26,60177,43139,1077,    1597,71503,97247,50933,42227,183690,1.437153
EURUSD,2011-08-02,58313,56550,1066,   -1864,85149,91248,46194,41858,190722,1.426208
EURUSD,2011-08-09,49029,57302,2107,   -9284,86027,81060,46408,43102,183571,1.417073
EURUSD,2011-08-16,47094,40368,1643,   -1935,75036,82944,45158,43976,168931,1.443835
EURUSD,2011-08-23,47711,45172,882,     617,78732,84822,47389,43838,174714,1.436101
EURUSD,2011-08-30,43894,44278,2180,   -3817,81983,85137,51105,47567,179162,1.452433
EURUSD,2011-09-06,33167,69610,2421,  -10727,128794,83050,45133,54434,209515,1.406312
EURUSD,2011-09-13,25704,80163,1828,   -7463,194836,115819,42132,66690,264500,1.366027
EURUSD,2011-09-20,19920,99380,1282,   -5784,147760,44819,32594,56075,201556,1.360563
EURUSD,2011-09-27,19705,102178,1040,    -215,159618,51938,34809,60016,215172,1.351808
EURUSD,2011-10-04,18104,100801,794,   -1601,169387,60185,32554,59059,220839,1.319505
EURUSD,2011-10-11,17040,90835,680,   -1064,170021,69466,35426,62186,223167,1.36355
EURUSD,2011-10-18,20977,98697,821,    3937,178450,70717,30235,60248,230483,1.3744
EURUSD,2011-10-25,21323,97835,814,     346,181494,76852,32143,60273,235774,1.392234
EURUSD,2011-11-01,26311,86371,3586,    4988,167499,86554,33833,54718,231229,1.386001
EURUSD,2011-11-08,27943,82200,2413,    1632,168347,88975,32742,57857,231445,1.376008
EURUSD,2011-11-15,24048,100195,1545,   -3895,187608,79137,31351,63675,244552,1.362416
EURUSD,2011-11-22,25943,111011,3180,    1895,199707,81373,31234,64500,260064,1.348436
EURUSD,2011-11-29,27620,131922,2305,    1677,218546,80704,29040,62580,277511,1.3317
EURUSD,2011-12-06,34521,130335,3336,    6901,215981,92238,29471,57400,283309,1.33867
EURUSD,2011-12-13,35507,151964,15081,     986,244941,101015,32211,59680,327740,1.317107
EURUSD,2011-12-20,49557,163254,977,   14050,188839,45720,27224,56646,266597,1.300779
EURUSD,2011-12-27,45183,173062,986,   -4374,204337,47710,25516,54264,276022,1.305057
EURUSD,2012-01-03,40441,179350,932,   -4742,212985,46916,28432,55592,282790,1.294096
EURUSD,2012-01-10,29770,184965,1131,  -10671,231765,50103,31597,58064,294263,1.277596
EURUSD,2012-01-17,28396,188426,1361,   -1374,238254,51069,32951,60106,300962,1.266705
EURUSD,2012-01-24,31299,202646,1947,    2903,248435,50819,33669,59938,315350,1.302694
EURUSD,2012-01-31,31906,189452,2355,     607,239127,55202,31940,58319,305328,1.313957
EURUSD,2012-02-07,32128,172721,2198,     222,221948,56784,32383,56954,288657,1.312164
EURUSD,2012-02-14,26774,175415,3391,   -5354,228941,53808,31954,58446,291060,1.315789
EURUSD,2012-02-21,29369,171528,3231,    2595,221151,51617,33774,61149,287525,1.320481
EURUSD,2012-02-28,35728,145402,5488,    6359,194512,63056,35554,57336,271282,1.340662
EURUSD,2012-03-06,39943,156416,6110,    4215,205574,63286,33112,58927,284739,1.322576
EURUSD,2012-03-13,40325,139661,14877,     382,212175,83411,43680,73108,311057,1.316829
EURUSD,2012-03-20,50416,133370,1062,   10091,176529,63974,30528,60129,258535,1.322926
EURUSD,2012-03-27,34033,123162,1194,  -16383,168190,55639,36029,59451,239446,1.336005
EURUSD,2012-04-03,39835,119315,1258,    5802,166622,62119,33291,58314,241006,1.333333
EURUSD,2012-04-10,39253,140617,1180,    -582,204616,66567,29781,66466,274830,1.311131
EURUSD,2012-04-17,40310,158435,1609,    1057,226108,70285,27817,65515,295844,1.31268
EURUSD,2012-04-24,36289,149656,1483,   -4021,219295,70017,30148,66059,287215,1.315201
EURUSD,2012-05-01,34957,141947,2028,   -1332,211742,68746,30878,66884,279605,1.323977
EURUSD,2012-05-08,36022,180006,1448,    1065,252598,69712,30969,69871,321037,1.306165
EURUSD,2012-05-15,38475,212344,1668,    2453,286563,66730,29968,75932,356674,1.283203
EURUSD,2012-05-22,34714,230075,2598,   -3761,308311,69614,31085,74421,376708,1.281066
EURUSD,2012-05-29,40287,243702,2798,    5573,318223,71325,32852,76335,394160,1.252505
EURUSD,2012-06-05,36651,251069,5152,   -3636,328987,69903,31022,75688,401812,1.250938
EURUSD,2012-06-12,39245,234432,34202,    2594,317031,82599,31653,70898,422131,1.247816
EURUSD,2012-06-19,54449,195515,1994,   15204,224084,47855,31406,66569,311933,1.259763
EURUSD,2012-06-26,36933,196813,1956,  -17516,244942,47522,31954,69494,315785,1.250469
EURUSD,2012-07-03,32236,178413,2194,   -4697,235912,54541,31947,67141,302289,1.258178
EURUSD,2012-07-10,36409,202114,2505,    4173,251888,49424,35572,72331,326374,1.23183
EURUSD,2012-07-17,31821,199070,2384,   -4588,254350,51144,34673,70630,323228,1.226843
EURUSD,2012-07-24,39501,194567,3179,    7680,248645,56865,33118,69832,324443,1.212415
EURUSD,2012-07-31,41327,180321,3314,    1826,234082,61370,32713,66431,311436,1.225941
EURUSD,2012-08-07,46742,178453,2993,    5415,238441,74547,34067,66250,322243,1.239004
EURUSD,2012-08-14,43152,180962,3058,   -3590,241859,73974,33499,63574,321568,1.232742
EURUSD,2012-08-21,45986,169918,2913,    2834,232459,85016,39808,63319,321166,1.23533
EURUSD,2012-08-28,45927,147488,3467,     -59,224688,97055,37843,63915,311925,1.250156
EURUSD,2012-09-04,46580,148886,3578,     653,225276,100488,38929,61411,314363,1.258653
EURUSD,2012-09-11,43180,136838,16083,   -3400,230240,117157,43134,62559,332637,1.276161
EURUSD,2012-09-18,48817,122299,1411,    5637,140884,53819,43282,56865,234394,1.311011
EURUSD,2012-09-25,53345,103583,1694,    4528,119654,59930,43670,53156,218363,1.294163
EURUSD,2012-10-02,48335,98600,2395,   -5010,123654,64024,43132,52497,217516,1.288826
EURUSD,2012-10-09,39946,112516,3202,   -8389,142542,60144,41851,51679,227541,1.29769
EURUSD,2012-10-16,42041,95536,3420,    2095,131046,63590,43302,57263,219809,1.296849
EURUSD,2012-10-23,38171,93390,3069,   -3870,133705,64140,41897,56243,216842,1.307019
EURUSD,2012-10-30,38189,96393,2863,      18,139267,64121,41205,58147,221524,1.290822
EURUSD,2012-11-06,45212,112353,2672,    7023,143191,54864,36650,57836,227725,1.280246
EURUSD,2012-11-13,39863,123509,2568,   -5349,150428,48432,38801,57151,231660,1.270971
EURUSD,2012-11-20,36692,128092,2846,   -3171,155028,45063,37762,56327,232328,1.276944
EURUSD,2012-11-27,35799,102492,3742,    -893,130148,50616,40545,53384,210234,1.298701
EURUSD,2012-12-04,48300,81095,4540,   12501,117877,78193,46829,53718,217546,
EURUSD,2012-12-11,51536,83159,9628,    3236,133355,98757,47413,50388,241932,1.293828
EURUSD,2012-12-18,69460,79196,2993,   17924,71803,64052,49425,47440,193681,1.316482
EURUSD,2012-12-24,75072,77621,2851,    5612,72084,76154,52584,45965,202591,1.3182
EURUSD,2012-12-31,81932,76806,2969,    6860,71891,82481,50816,45352,207608,1.322769
EURUSD,2013-01-08,66329,74364,2725,  -15603,77301,67829,47896,49333,194251,1.312508
EURUSD,2013-01-15,80174,72859,2810,   13845,73119,88184,55270,47520,211373,1.337793
EURUSD,2013-01-22,83840,62459,3807,    3666,74708,102356,53704,47437,216059,1.33115
EURUSD,2013-01-29,93791,66319,4668,    9951,81422,116865,57975,50004,237856,1.344628
EURUSD,2013-02-05,97397,59445,5548,    3606,89236,131946,59055,54297,251236,1.351169
EURUSD,2013-02-12,87135,62954,4132,  -10262,92973,126202,55326,46278,239566,1.340357
EURUSD,2013-02-19,81014,61911,4930,   -6121,91704,118002,56391,49196,234039,1.334721
EURUSD,2013-02-26,74832,84226,5803,   -6182,101311,93280,48621,47258,230567,1.306506
EURUSD,2013-03-05,63355,89471,6755,  -11477,107811,69195,40548,53048,218469,1.303611
EURUSD,2013-03-12,57473,82260,7701,   -5882,104909,68989,43030,54163,213113,1.303271
EURUSD,2013-03-19,48958,93842,5562,   -8515,102319,44157,38234,51512,195073,1.294498
EURUSD,2013-03-26,41260,90355,6404,   -7698,117345,54862,39248,52636,204257,1.285843
EURUSD,2013-04-02,44459,110160,6015,    3199,147918,63699,37479,55997,235871,1.285017
EURUSD,2013-04-09,35343,86201,5533,   -9116,141694,72488,37783,56131,220353,1.302932
EURUSD,2013-04-16,49321,79085,5758,   13978,121372,76858,39206,53956,215657,1.305466
EURUSD,2013-04-23,47807,82082,5603,   -1514,127780,78147,38861,54219,220051,1.306165
EURUSD,2013-04-30,56771,86920,5367,    8964,113781,77610,46699,52721,222618,1.309586
EURUSD,2013-05-07,52517,86050,5894,   -4254,115146,69030,41040,53623,214597,1.307019
EURUSD,2013-05-14,52843,99764,6696,     326,132700,65854,40178,60103,232417,1.298802
EURUSD,2013-05-21,43037,123986,5979,   -9806,177851,69705,38327,65524,265194,1.289108
EURUSD,2013-05-28,36916,121560,6565,   -6121,180752,70174,39979,65913,264212,1.293393
EURUSD,2013-06-04,43804,95425,7766,    6888,148967,78413,40196,59129,240733,1.307292
EURUSD,2013-06-11,68956,76489,14860,   25152,128701,106793,47901,62276,260418,1.322401
EURUSD,2013-06-18,91304,71274,4883,   22348,64586,80432,52558,56742,213331,1.336309
EURUSD,2013-06-25,87192,69835,5051,   -4112,70649,86799,48759,49966,211651,1.313232
EURUSD,2013-07-02,59270,75360,5948,  -27922,88115,61074,42731,53682,196064,1.306762
EURUSD,2013-07-09,52159,93059,6299,   -7111,124661,62042,41932,63651,225051,1.287101
EURUSD,2013-07-16,53228,90393,5735,    1069,126783,65982,34391,58027,220137,1.305875
EURUSD,2013-07-23,63130,91030,5637,    9902,109572,68740,41090,54022,219429,1.319035
EURUSD,2013-07-30,78211,86715,4880,   15081,96694,73239,43172,58123,222957,1.326365
EURUSD,2013-08-06,85239,79178,5302,    7028,90858,86556,47327,57690,228726,1.32575
EURUSD,2013-08-13,89984,73927,5258,    4745,85283,87207,45140,59273,225665,1.329292
EURUSD,2013-08-20,113092,76346,5839,   23108,78210,109391,52519,58084,249660,1.333387
EURUSD,2013-08-27,113592,73511,5664,     500,78540,114408,50876,55089,248672,1.337918
EURUSD,2013-09-03,98589,75851,6755,  -15003,99298,107939,39921,54018,244563,1.319
EURUSD,2013-09-10,82772,70076,9079,  -15817,122829,123285,43289,55529,257969,1.325803
EURUSD,2013-09-17,100963,69056,3547,   18191,73890,94356,39864,51305,218264,1.333796
EURUSD,2013-09-24,129862,64018,3662,   28899,72759,138915,48181,47869,254464,1.349892
EURUSD,2013-10-01,128580,60304,5366,   -1282,73837,140700,47284,48697,255067,1.352521
EURUSD,2013-10-08,127301,58618,6565,   -1279,81614,147287,48379,51389,263859,
EURUSD,2013-10-15,121327,60953,6042,   -5974,84477,138835,45353,51369,257199,1.355859
EURUSD,2013-10-22,137061,64627,5763,   15734,82406,153006,52909,54743,278139,1.367596
EURUSD,2013-10-29,136054,65437,5808,   -1007,87462,156340,53599,55338,282923,1.37893
EURUSD,2013-11-05,103333,70190,6975,  -32721,93269,124922,48977,50467,252554,1.351698
EURUSD,2013-11-12,86121,69295,7399,  -17212,97194,93189,38452,59283,229166,1.340932
EURUSD,2013-11-19,81070,72159,7361,   -5051,105889,95999,38006,56807,232326,1.350439
EURUSD,2013-11-26,74118,74549,10456,   -6952,120631,99633,37844,58411,243049,1.352759
EURUSD,2013-12-03,82230,72918,10180,    8112,120205,109636,41038,60919,253653,1.354206
EURUSD,2013-12-10,91669,75739,8285,    9439,152652,149951,49494,68125,302100,1.374023
EURUSD,2013-12-17,97780,69857,3934,    6111,83222,97675,46019,59489,230955,1.376292
EURUSD,2013-12-24,102462,70290,4825,    4682,87272,106981,45647,58110,240206,1.369994
EURUSD,2013-12-31,101916,71327,4817,    -546,88251,108680,47087,57247,242071,1.381006
EURUSD,2014-01-07,88119,73621,4954,  -13797,105422,99143,40075,60852,238570,1.363196
EURUSD,2014-01-14,87059,77813,5512,   -1060,107883,98891,42980,61218,243434,1.366998
EURUSD,2014-01-21,79321,83093,6165,   -7738,131073,96012,38741,70030,255300,1.354903
EURUSD,2014-01-28,86963,72616,6663,    7642,126816,118340,40357,63180,260799,1.367465
EURUSD,2014-02-04,67614,81224,8973,  -19349,160736,119781,36823,64168,274146,1.352503
EURUSD,2014-02-11,75048,81977,7684,    7434,157239,131888,41066,59488,281037,1.36461
EURUSD,2014-02-18,88634,80035,7108,   13586,149375,142788,46243,61429,291360,1.370445
EURUSD,2014-02-25,93003,79103,7648,    4369,149693,149405,46580,60768,296924,1.373608
EURUSD,2014-03-04,103868,80416,7736,   10865,144494,155241,48210,60915,304308,1.373702
EURUSD,2014-03-11,110103,73718,8421,    6235,148565,170697,54931,69184,322020,1.387887
EURUSD,2014-03-18,117819,64828,4614,    7716,91888,130331,50122,64670,264443,1.392661
EURUSD,2014-03-25,106914,67280,4978,  -10905,103755,126788,46532,63133,262179,1.383892
EURUSD,2014-04-01,101849,68611,4294,   -5065,111333,125794,42599,61376,260075,1.377505
EURUSD,2014-04-08,92635,69335,5074,   -9214,120001,125354,43729,61676,261439,1.374306
EURUSD,2014-04-15,106252,78564,4972,   13617,116428,125819,43070,61367,270722,1.381712
EURUSD,2014-04-22,101204,75430,4597,   -5048,116984,123395,43474,62837,266259,1.379501
EURUSD,2014-04-29,102285,76551,6632,    1081,118635,124082,43963,64250,271515,1.385291
EURUSD,2014-05-06,110673,78122,7909,    8388,108249,123865,50182,67117,277013,1.387598
EURUSD,2014-05-13,84383,86558,6715,  -26290,131899,112028,45145,62841,268142,1.375667
EURUSD,2014-05-20,75013,84233,6590,   -9370,145672,114357,40924,63019,268199,1.371385
EURUSD,2014-05-27,70753,87386,6335,   -4260,157716,116315,39247,64015,274051,1.365132
EURUSD,2014-06-03,57109,90134,7714,  -13644,177505,116655,38419,66244,280747,1.359897
EURUSD,2014-06-10,43739,100924,22501,  -13370,224523,136545,40873,71666,331636,1.359268
EURUSD,2014-06-17,51405,113240,4260,    7666,196143,103622,33681,64367,285489,1.357718
EURUSD,2014-06-24,55062,112565,4893,    3657,197697,107032,33592,66754,291244,1.360193
EURUSD,2014-07-01,52665,113441,5354,   -2397,196567,105198,36902,67495,291488,1.369357
EURUSD,2014-07-08,51595,110860,5479,   -1070,204115,107205,33192,70837,294381,1.360618
EURUSD,2014-07-15,59506,122352,5590,    7911,212426,109017,33139,73702,310661,1.362175
EURUSD,2014-07-22,58142,146965,5184,   -1364,239961,108966,36419,78591,339706,1.352704
EURUSD,2014-07-29,56562,164637,5631,   -1580,259960,104377,34712,82220,356865,1.343905
EURUSD,2014-08-05,55179,183926,6607,   -1383,283373,104329,33845,84142,379004,1.34221
EURUSD,2014-08-12,51596,177613,6157,   -3583,282707,107353,35964,85301,376424,1.338491
EURUSD,2014-08-19,56774,195599,6697,    5178,299068,109422,33921,84742,396460,1.336112
EURUSD,2014-08-26,53989,204646,6029,   -2785,306073,109975,36618,82059,402709,1.318896
EURUSD,2014-09-02,59398,220821,7231,    5409,317713,108749,35508,83049,419850,1.313198
EURUSD,2014-09-09,59376,216881,45519,     -22,342823,133916,36588,87990,484306,1.289108
EURUSD,2014-09-16,79552,216701,4985,   20176,283275,94029,29840,81937,397652,1.293979
EURUSD,2014-09-23,60654,202619,8158,  -18898,297160,106324,32965,81836,398937,1.285149
EURUSD,2014-09-30,67030,204555,6697,    6376,302134,114913,34125,83821,409986,1.269084
EURUSD,2014-10-07,61467,207679,7667,   -5563,324023,124709,32499,85601,425656,1.264606
EURUSD,2014-10-14,60158,215500,6602,   -1309,337436,132670,30677,80101,434873,1.272394
EURUSD,2014-10-21,60188,219559,7394,      30,340562,132521,31719,80389,439863,1.279525
EURUSD,2014-10-28,59054,224761,7802,   -1134,343150,130765,31363,78041,441369,1.270148
EURUSD,2014-11-04,59566,238587,7742,     512,367033,129740,30991,89263,465332,1.249594
EURUSD,2014-11-11,60454,224347,6928,     888,365507,142559,31087,90142,463976,1.242993
EURUSD,2014-11-18,58048,226778,9306,   -2406,365846,141782,31968,87302,465168,1.244896
EURUSD,2014-11-25,57982,223062,9076,     -66,366561,144526,31720,88675,465339,1.243317
EURUSD,2014-12-02,57272,216551,12321,    -710,358219,143333,34246,89853,462058,1.247007
EURUSD,2014-12-09,58306,195218,18529,    1034,367178,174825,33848,89289,477861,1.231512
EURUSD,2014-12-16,56179,182834,9077,   -2127,268612,95144,34303,81116,368171,1.244354
EURUSD,2014-12-23,40690,187294,9848,  -15489,295843,99595,30468,80112,376849,1.222374
EURUSD,2014-12-30,43202,195421,9745,    2512,302896,101172,30452,79957,386295,1.215347
EURUSD,2015-01-06,46016,207056,7171,    2814,322212,105617,31225,86780,406624,1.193902
EURUSD,2015-01-13,50858,218709,7111,    4842,331934,106709,32523,89897,422426,1.183152
EURUSD,2015-01-20,52047,232777,9226,    1189,350433,114236,38556,94023,450262,1.159797
EURUSD,2015-01-27,50489,235234,8949,   -1558,355311,111048,34977,94495,449726,1.124771
EURUSD,2015-02-03,47719,244028,8168,   -2770,366203,113239,35119,91774,457209,1.134173
EURUSD,2015-02-10,47217,241858,7686,    -502,355674,110223,33562,84372,444139,1.132695
EURUSD,2015-02-17,47175,232757,7500,     -42,349201,111559,34535,86595,438411,1.133401
EURUSD,2015-02-24,45511,223247,6845,   -1664,343315,116354,35546,84771,431217,1.133299
EURUSD,2015-03-03,48467,220856,9169,    2956,347041,122394,36056,88314,440733,1.117905
EURUSD,2015-03-10,61271,242344,25191,   12804,369650,136170,40353,92760,496465,1.083341
EURUSD,2015-03-17,56329,250103,7806,   -4942,348754,101065,36619,90534,449508,1.057295
EURUSD,2015-03-24,50148,271111,6291,   -6181,366788,94933,37723,88615,460950,1.094499
EURUSD,2015-03-31,41709,268269,7236,   -8439,372420,97951,38381,86290,459746,1.083025
EURUSD,2015-04-07,39444,254702,7616,   -2265,356228,96223,38336,83083,441624,1.093482
EURUSD,2015-04-14,45264,257611,9581,    5820,358360,101060,40313,85266,453518,1.057295
EURUSD,2015-04-21,46821,261466,9721,    1557,361058,102833,40010,83590,457610,1.074749
EURUSD,2015-04-28,50734,248500,8202,    3913,356986,116294,40997,83923,456919,1.087796
EURUSD,2015-05-05,50116,240243,9773,    -618,343981,116070,45384,83168,449254,1.114914
EURUSD,2015-05-12,43333,222309,8386,   -6783,345101,127933,42302,80494,439122,1.114442
EURUSD,2015-05-19,38758,207097,9551,   -4575,338273,129839,41998,82093,428580,1.132618
EURUSD,2015-05-26,44221,215961,11710,    5463,336026,127583,39970,76673,431927,1.097117
EURUSD,2015-06-02,49471,214983,13086,    5250,326452,119316,39394,81018,428403,1.092299
EURUSD,2015-06-09,52643,190617,25840,    3172,316710,139995,41347,80088,436540,1.128095
EURUSD,2015-06-16,82714,172071,4491,   30071,225812,102841,37128,70742,350145,1.127701
EURUSD,2015-06-23,67867,167173,5022,  -14847,233162,101253,39376,71979,345427,1.134906
EURUSD,2015-06-30,65554,165589,5526,   -2313,236963,102207,38072,72793,346115,1.122297
EURUSD,2015-07-07,66161,165427,5532,     607,245408,103930,37784,79996,354885,1.104899
EURUSD,2015-07-14,62676,170457,5844,   -3485,249129,105205,39111,75254,356760,1.099046
EURUSD,2015-07-21,65728,178704,7435,    3052,254622,101507,39107,79246,366892,1.083541
EURUSD,2015-07-28,67842,171850,7656,    2114,244469,103550,37973,74884,357940,1.109004
EURUSD,2015-08-04,70620,184014,6023,    2778,254646,102623,36596,75225,367885,1.095602
EURUSD,2015-08-11,67373,182583,6105,   -3247,248825,96502,39031,76144,361334,1.101698
EURUSD,2015-08-18,68473,161205,7121,    1100,240738,118412,40620,70214,356952,1.1078
EURUSD,2015-08-25,87807,153885,8190,   19334,235992,144841,42988,68061,374977,1.158306
EURUSD,2015-09-01,74910,142767,8764,  -12897,238443,150100,41863,62349,363980,1.122586
EURUSD,2015-09-08,75715,156956,13193,     805,254844,146399,39435,66639,383187,1.116395
EURUSD,2015-09-15,63416,147618,6744,  -12299,201476,99066,39730,57938,311366,1.130761
EURUSD,2015-09-22,63526,144559,5744,     110,204828,102714,41352,62433,315450,1.119094
EURUSD,2015-09-29,61932,149592,6195,   -1594,215338,103272,39256,63662,322721,1.123103
EURUSD,2015-10-06,65410,154220,7682,    3478,222477,113970,42037,61734,337606,1.11952
EURUSD,2015-10-13,71132,151708,6509,    5722,226415,129400,45664,62103,349720,1.135551
EURUSD,2015-10-20,76291,138857,7090,    5159,229622,150293,44130,60893,357133,1.132901
EURUSD,2015-10-27,70351,176285,6349,   -5940,261683,127233,42181,70697,380564,1.106599
EURUSD,2015-11-03,72883,207217,4525,    2532,288232,119288,39822,74432,405462,1.101601
EURUSD,2015-11-10,78994,221933,6817,    6111,294780,110225,41376,82992,421967,1.075951
EURUSD,2015-11-17,78898,243075,7074,     -96,307454,103302,43375,83350,436801,1.068799
EURUSD,2015-11-24,76296,251780,7450,   -2602,318441,102519,42439,82877,444626,1.064203
EURUSD,2015-12-01,78782,261627,8929,    2486,330854,106332,43882,85559,462447,1.057295
EURUSD,2015-12-08,80378,252709,25883,    1596,309680,112572,58980,83757,474921,1.0834
EURUSD,2015-12-15,71295,231256,4695,   -9083,275052,89741,53795,79145,404837,1.0993
EURUSD,2015-12-22,70509,231556,5290,    -786,275354,93283,55380,76404,406533,1.091298
EURUSD,2015-12-29,66973,227523,4976,   -3536,273701,93279,54847,74719,400497,1.097526
EURUSD,2016-01-05,66857,227500,4498,    -116,276815,97443,58935,77664,407105,1.082755
EURUSD,2016-01-12,63162,209613,5823,   -3695,271543,109792,58042,73342,398570,1.0858
EURUSD,2016-01-19,69449,206464,6046,    6287,265334,117867,59533,69985,400362,1.089503
EURUSD,2016-01-26,71446,198661,6226,    1997,267012,124194,57543,73146,402227,1.085305
EURUSD,2016-02-02,96012,183085,6769,   24566,259869,147872,41289,66213,403939,1.089728
EURUSD,2016-02-09,114607,177921,8356,   18595,268586,194562,49679,60389,441228,1.118981
EURUSD,2016-02-16,113970,162175,7793,    -637,258996,205232,49238,54797,429997,1.117406
EURUSD,2016-02-23,107566,154423,7678,   -6404,258954,205427,48426,55096,422624,1.102803
EURUSD,2016-03-01,103965,172506,8298,   -3601,260901,174403,44460,62417,417624,1.088898
EURUSD,2016-03-08,104165,176072,18263,     200,263377,173378,47416,65508,433221,1.101601
EURUSD,2016-03-15,90353,167908,6390,  -13812,180672,92859,44990,55248,322405,1.110198
EURUSD,2016-03-22,91334,157387,6814,     981,176950,103926,49212,56183,324310,1.123595
EURUSD,2016-03-29,93726,157537,6047,    2392,178491,111140,51826,55366,330090,1.120272
EURUSD,2016-04-05,98014,151501,6799,    4288,180268,120531,53452,59702,338533,1.1389
EURUSD,2016-04-12,89216,141267,6607,   -8798,182596,126793,55116,58868,333535,1.141292
EURUSD,2016-04-19,101211,148128,6360,   11995,185459,133519,52533,57556,345563,1.130902
EURUSD,2016-04-26,99072,138739,8215,   -2139,182996,138270,49917,54976,340200,1.1269
EURUSD,2016-05-03,113034,136653,8277,   13962,184524,156966,54626,58565,360461,1.152499
EURUSD,2016-05-10,101277,123149,9001,  -11757,181863,152379,52837,60449,344978,1.138797
EURUSD,2016-05-17,101723,124310,11343,     446,186065,151949,50428,61957,349559,1.131606
EURUSD,2016-05-24,93955,131850,11382,   -7768,193758,145257,51147,61753,350242,1.121604
EURUSD,2016-05-31,98218,135872,10632,    4263,198726,148012,48602,61662,356178,1.11484
EURUSD,2016-06-07,93492,160604,27389,   -4726,207448,127910,57681,70107,386010,1.136402
EURUSD,2016-06-14,104510,160999,7951,   11018,168953,98248,43988,58204,325402,1.129102
EURUSD,2016-06-21,88639,149985,10484,  -15871,174231,100833,44046,56098,317400,1.132298
EURUSD,2016-06-28,109580,171514,10857,   20941,175747,99094,41089,55808,337273,1.101503
EURUSD,2016-07-05,112011,187338,12437,    2431,197845,104095,40356,58779,362649,1.114604
EURUSD,2016-07-12,107635,195295,10263,   -4376,211520,103371,40954,61443,370372,1.105803
EURUSD,2016-07-19,111578,211469,10787,    3943,225909,101654,40631,64995,388905,1.107187
EURUSD,2016-07-26,109193,221793,9442,   -2385,239073,103338,42327,65462,400035,1.099118
EURUSD,2016-08-02,104516,208619,9076,   -4677,218778,99452,46130,61353,378500,1.116807
EURUSD,2016-08-09,100442,198841,7668,   -4074,218984,99470,41599,62714,368693,1.108365
EURUSD,2016-08-16,103060,195568,8471,    2618,208203,99798,46303,62200,366037,1.118406
EURUSD,2016-08-23,105374,182032,8403,    2314,202180,111006,48087,62603,364044,1.131926
EURUSD,2016-08-30,108261,190186,7058,    2887,204241,103433,45283,64166,364843,1.119282
EURUSD,2016-09-06,97324,189954,12334,  -10937,220781,107441,45546,66256,375985,1.115324
EURUSD,2016-09-13,91783,173258,25877,   -5541,216048,112825,45916,67664,379624,1.124354
EURUSD,2016-09-20,95698,180723,6314,    3915,177910,77967,44603,59521,324525,1.118068
EURUSD,2016-09-27,100492,176522,8108,    4794,174828,86986,45062,56874,328490,1.124986
EURUSD,2016-10-04,105634,187693,8767,    5142,186827,89483,46415,61700,347643,1.121039
EURUSD,2016-10-11,114284,207756,8917,    8650,209879,99131,45694,62970,378774,1.114082
EURUSD,2016-10-18,128181,237449,9077,   13897,230197,104790,45728,61867,413183,1.101564
EURUSD,2016-10-25,142881,266737,8882,   14700,246230,108147,50478,64705,448471,1.087548
EURUSD,2016-11-01,126443,263828,11245,  -16438,261922,105533,44892,63896,444502,1.097333
EURUSD,2016-11-08,118897,248211,9885,   -7546,245616,101035,43609,58876,418007,1.105217
EURUSD,2016-11-15,121575,240757,8128,    2678,235596,104624,50453,62243,415752,1.075038
EURUSD,2016-11-22,127122,246470,10142,    5547,243796,111726,53708,66430,434768,1.063886
EURUSD,2016-11-29,136108,255348,11046,    8986,245355,116561,54681,64235,447190,1.062135
EURUSD,2016-12-06,123390,237946,11295,  -12718,246681,120065,51871,63931,433237,1.075732
EURUSD,2016-12-13,123597,211110,10796,     207,259537,160236,53749,65537,447679,1.064169
EURUSD,2016-12-20,117460,195505,10551,   -6137,219648,130749,51930,62784,399589,1.040583
EURUSD,2016-12-27,123281,192689,9952,    5821,220288,141332,52160,61708,405681,1.045697
EURUSD,2017-01-03,129701,199757,9554,    6420,221781,148076,55203,58852,416239,1.046003
EURUSD,2017-01-10,134747,200570,7107,    5046,219984,147154,53374,60381,415212,1.058862
EURUSD,2017-01-17,128846,195346,8867,   -5901,225333,150756,52044,60121,415090,1.060299
EURUSD,2017-01-24,131904,184252,7246,    3058,224017,163750,51280,59199,414447,1.076079
EURUSD,2017-01-31,125689,171402,9083,   -6215,218274,164996,52495,60060,405541,1.070859
EURUSD,2017-02-07,126708,171659,8328,    1019,220490,171635,53652,57556,409178,1.074322
EURUSD,2017-02-14,125333,172097,10485,   -1375,216770,159331,53762,64437,406350,1.05985
EURUSD,2017-02-21,130981,189232,10493,    5648,220218,155969,55437,61435,417129,1.06094
EURUSD,2017-02-28,143584,194748,10986,   12603,220938,162414,56127,63487,431635,1.058425
EURUSD,2017-03-07,137662,197163,11287,   -5922,228335,161564,58025,65295,435309,1.057921
EURUSD,2017-03-14,148272,189299,9409,   10610,166321,128708,57472,54058,381474,1.065144
EURUSD,2017-03-21,159590,179252,10076,   11318,176574,160480,60477,56909,406717,1.073768
EURUSD,2017-03-28,163648,171571,9239,    4058,177046,171114,58920,56929,408853,1.086095
EURUSD,2017-04-04,155468,166873,9538,   -8180,173689,166592,58899,54591,397594,1.067008
EURUSD,2017-04-11,173594,192550,8449,   18126,179203,163127,59086,56206,420332,1.05976
EURUSD,2017-04-18,185786,207435,8552,   12192,179950,159602,56301,55000,430589,1.064453
EURUSD,2017-04-25,157831,178726,10533,  -27955,181520,167731,61122,54016,411006,1.086484
EURUSD,2017-05-02,159418,161071,13447,    1587,179781,178953,57290,56465,409936,1.090893
EURUSD,2017-05-09,155581,133182,13279,   -3837,183860,217059,65581,54781,418301,1.092777
EURUSD,2017-05-16,164234,126630,14322,    8653,186406,236357,66697,54350,431659,1.098177
EURUSD,2017-05-23,175032,110187,14881,   10798,190524,272094,68923,52198,449360,1.123886
EURUSD,2017-05-30,176226,103357,17221,    1194,185792,279432,74041,53270,453280,1.112904
EURUSD,2017-06-06,164889,90880,23324,  -11337,188042,279047,70923,53927,447178,1.125682
EURUSD,2017-06-13,164227,85174,24390,    -662,211353,301281,74330,63455,474300,1.11962
EURUSD,2017-06-20,167245,122393,13014,    3018,132839,192994,66171,50868,379269,1.114455
EURUSD,2017-06-27,179671,120976,14420,   12426,136134,211639,70335,53525,400560,1.118356
EURUSD,2017-07-03,185925,108461,15675,    6254,144260,244301,76636,54059,422496,1.142309
EURUSD,2017-07-11,190267,106479,16654,    4342,150147,258152,79831,55614,436899,
EURUSD,2017-07-18,199540,108219,15560,    9273,150114,268566,81045,53914,446259,1.147434
EURUSD,2017-07-25,197656,106814,16205,   -1884,155560,271095,79665,54972,449086,1.163887
EURUSD,2017-08-01,191477,108840,21170,   -6179,164304,272865,80303,54379,457254,1.18241
EURUSD,2017-08-08,201231,107546,22609,    9754,157833,279623,79479,51374,461152,1.180094
EURUSD,2017-08-15,190336,111069,21762,  -10895,174177,278546,75873,50771,462148,1.177579
EURUSD,2017-08-22,197818,109842,19103,    7482,169989,284515,77535,50985,464445,1.181195
EURUSD,2017-08-29,194331,107812,19103,   -3487,173410,287170,82463,55222,469307,1.196387
EURUSD,2017-09-05,194976,98667,19778,     645,171223,291891,79011,54652,464988,1.189343
EURUSD,2017-09-12,191102,105044,31985,   -3874,175600,291785,88738,58611,487425,1.195943
EURUSD,2017-09-19,190025,127272,15019,   -1077,149288,236626,76776,52191,431108,1.195929
EURUSD,2017-09-26,183679,95512,17222,   -6346,152592,261208,75618,55169,429111,1.185565
EURUSD,2017-10-03,187053,96220,20643,    3374,157203,266511,73764,55289,438663,1.173378
EURUSD,2017-10-10,195816,97737,23538,    8763,158660,275104,72734,54369,450748,1.174164
EURUSD,2017-10-17,186751,96299,21066,   -9065,165127,276217,73394,52756,446338,1.179454
EURUSD,2017-10-24,183539,100035,21994,   -3212,165585,271183,73900,51806,445018,1.175917
EURUSD,2017-10-31,173670,101573,21784,   -9869,174510,257642,70420,59385,440384,1.16527
EURUSD,2017-11-07,181335,95880,21063,    7665,173294,272122,70810,57437,446502,1.161265
EURUSD,2017-11-14,200023,115437,20880,   18688,173624,275809,73315,55716,467842,1.166494
EURUSD,2017-11-21,195909,100472,21064,   -4114,175054,292129,73280,51642,465307,1.174122
EURUSD,2017-11-28,205160,115479,21603,    9251,189056,310897,79742,47582,495561,1.19049
EURUSD,2017-12-05,205400,112294,23524,     240,190380,314914,79820,48392,499124,1.186775
EURUSD,2017-12-12,206027,92138,34146,     627,185209,320739,80362,58721,505744,1.177759
EURUSD,2017-12-19,198398,112174,17869,   -7629,190521,310282,78834,45297,485622,1.178425
EURUSD,2017-12-26,208913,116765,17294,   10515,186931,318343,84606,45342,497744,1.187254
EURUSD,2018-01-02,236808,108940,18239,   27895,199313,365245,88262,50198,542622,1.201158
EURUSD,2018-01-09,242053,97362,17563,    5245,217213,400874,86571,47601,563400,1.197046
EURUSD,2018-01-16,254344,114854,13173,   12291,231291,413138,95230,52873,594038,1.226843
EURUSD,2018-01-23,262175,117458,14723,    7831,236300,429090,95485,47412,608683,1.225625
EURUSD,2018-01-30,258022,109280,16504,   -4153,239494,430681,89440,46995,603460,1.238114
EURUSD,2018-02-06,251369,110546,13460,   -6653,245381,424817,86727,48114,596937,1.236782
EURUSD,2018-02-13,230785,103496,13523,  -20584,235656,411639,84269,35575,564233,1.230376
EURUSD,2018-02-20,229273,103147,13231,   -1512,237072,405640,87958,45516,567534,1.239864
EURUSD,2018-02-27,238287,100310,13402,    9014,227585,404040,88189,49711,567463,1.231557
EURUSD,2018-03-06,227354,94382,12382,  -10933,230012,403842,87782,46924,557530,1.233654
EURUSD,2018-03-13,239453,93073,24930,   12099,220729,398792,99647,67964,584759,1.233958
EURUSD,2018-03-20,219434,86695,11439,  -20019,183424,351964,82667,46866,496964,1.233685
EURUSD,2018-03-27,234656,93592,9358,   15222,187625,361061,82410,50038,514049,1.245749
EURUSD,2018-04-03,221327,86946,10852,  -13329,185288,346555,76210,49324,493677,1.229271
EURUSD,2018-04-10,236344,88881,10485,   15017,182400,363023,78975,45815,508204,1.23224
EURUSD,2018-04-17,238829,87353,9212,    2485,181413,362866,79578,49601,509032,1.238513
EURUSD,2018-04-24,216944,86350,11874,  -21885,187816,344556,77520,51374,494154,1.220897
EURUSD,2018-05-01,221011,100443,13555,    4067,201842,343942,73251,51719,509659,1.208123
EURUSD,2018-05-08,226601,106096,11664,    5590,201532,342701,75335,54671,515132,1.193374
EURUSD,2018-05-15,219317,104203,12321,   -7284,201322,330265,72154,58325,505114,1.193118
EURUSD,2018-05-22,225960,116216,13843,    6643,209287,333009,71558,57580,520648,1.179245
EURUSD,2018-05-29,230927,137890,13428,    4967,227944,338977,79952,61956,552251,1.162696
EURUSD,2018-06-05,239904,150668,18557,    8977,248379,342981,69447,64081,576287,1.170056
EURUSD,2018-06-12,236617,148392,19517,   -3287,269450,366976,73977,64676,599561,1.177413
EURUSD,2018-06-19,190684,154566,12619,  -45933,208997,251900,65900,59115,478200,1.163075
EURUSD,2018-06-26,190147,156243,11860,    -537,212675,254515,66701,58765,481383,1.170275
EURUSD,2018-07-03,189005,152258,12078,   -1142,215126,263065,70922,59730,487131,1.164212
EURUSD,2018-07-10,179401,155044,12919,   -9604,217394,247174,67882,62459,477596,1.175696
EURUSD,2018-07-17,177390,155983,11297,   -2011,233378,262774,67999,60010,490064,1.170946
EURUSD,2018-07-24,179515,149875,9960,    2125,232134,277207,75056,59623,496665,1.169413
EURUSD,2018-07-31,174549,151724,9600,   -4966,231982,278576,83590,59821,499721,1.170741
EURUSD,2018-08-07,177923,167358,9554,    3374,238559,264653,81150,65621,507186,1.155802
EURUSD,2018-08-14,188428,190217,10195,   10505,246723,257030,81225,69129,526571,1.140251
EURUSD,2018-08-21,188907,193748,10706,     479,254692,258443,77832,69240,532137,1.149135
EURUSD,2018-08-28,171359,178578,17156,  -17548,255809,269383,84800,64007,529124,1.168361
EURUSD,2018-09-04,173335,165372,13706,    1976,254016,283775,86522,64726,527579,1.161548
EURUSD,2018-09-11,164639,153469,19095,   -8696,277060,310471,89698,67457,550492,1.159595
EURUSD,2018-09-18,166468,164802,11748,    1829,205804,228792,81110,59788,465130,1.166916
EURUSD,2018-09-25,172426,168730,14351,    5958,203763,240493,87341,54307,477881,1.175295
EURUSD,2018-10-02,164738,171839,12462,   -7688,224680,234180,77764,61163,479644,1.157756
EURUSD,2018-10-09,162315,178457,10592,   -2423,228799,234237,82096,60516,483802,1.149412
EURUSD,2018-10-16,140817,170161,10614,  -21498,239573,227660,78295,60864,469299,1.158346
EURUSD,2018-10-23,149585,179889,9648,    8768,251035,239190,79561,61102,489829,1.146789
EURUSD,2018-10-30,157691,190353,9688,    8106,253543,238938,83536,65479,504458,1.137618
EURUSD,2018-11-06,148973,195816,10691,   -8718,261621,240069,88908,63617,510193,1.141292
EURUSD,2018-11-13,161860,198879,10473,   12887,268439,244051,79468,66837,520240,1.123343
EURUSD,2018-11-20,157633,204862,15741,   -4227,275695,252104,86638,63000,535707,1.145502
EURUSD,2018-11-27,149719,204790,15042,   -7914,281759,256916,91934,61706,538454,1.133337
EURUSD,2018-12-04,144859,205635,18758,   -4860,289664,257730,92256,63414,545537,1.135486
EURUSD,2018-12-11,146082,202369,15874,    1223,341484,312735,110305,82767,613745,1.135654
EURUSD,2018-12-18,147654,200778,13570,    1572,262111,233982,82376,57381,505711,1.134984
EURUSD,2018-12-24,139059,197514,11791,   -8595,267531,243588,89872,55360,508253,1.137281
EURUSD,2018-12-31,148288,194936,13427,    9229,262426,244448,81845,53175,505986,1.143995
EURUSD,2019-01-08,146271,186804,12391,   -2017,269050,261525,86833,53825,514545,1.147974
EURUSD,2019-01-15,152534,185195,12020,    6263,274438,273918,86060,53919,525052,1.147289
EURUSD,2019-01-22,148652,189658,11417,   -3882,276892,270757,90215,55344,527176,1.136932
EURUSD,2019-01-29,146625,193099,12824,   -2027,278577,263384,89495,58214,527521,1.143001
EURUSD,2019-02-05,145480,197444,8796,   -1145,280451,261152,89141,56476,523868,1.143628
EURUSD,2019-02-12,157170,221070,8323,   11690,283224,245708,89910,63526,538627,1.127904
EURUSD,2019-02-19,145762,220696,10215,  -11408,289392,244078,92027,62407,537396,1.131196
EURUSD,2019-02-26,143847,216302,11062,   -1915,282780,238939,90687,62073,528376,1.136751
EURUSD,2019-03-05,155922,234088,8600,   12075,284662,230006,92569,69059,541753,1.133735
EURUSD,2019-03-12,151857,227602,18180,   -4065,276601,219607,90086,71335,536724,1.125923
EURUSD,2019-03-19,141700,219404,13143,  -10157,251905,191673,76424,58952,483172,1.13362
EURUSD,2019-03-26,139696,219974,9811,   -2004,252484,191685,84813,65334,486804,1.13158
EURUSD,2019-04-02,144973,244157,9499,    5277,258809,183599,84436,60462,497717,1.120574
EURUSD,2019-04-09,140401,242599,10531,   -4572,258102,180785,85770,60889,494804,1.125644
EURUSD,2019-04-16,144867,242890,9996,    4466,260967,186481,83450,59913,499280,1.130493
EURUSD,2019-04-23,148331,253749,10118,    3464,265335,179383,83938,64472,507722,1.125898
EURUSD,2019-04-30,153821,259365,11081,    5490,266740,184120,86293,63369,517935,1.118518
EURUSD,2019-05-07,152633,258738,10037,   -1188,269233,184489,84379,63018,516282,1.120185
EURUSD,2019-05-14,150681,245982,9614,   -1952,262186,186402,81979,62462,504460,1.123255
EURUSD,2019-05-21,149873,250975,9547,    -808,272597,194394,84105,61206,516122,1.116857
EURUSD,2019-05-28,151129,250820,15491,    1256,283460,211782,86718,58705,536798,1.119382
EURUSD,2019-06-04,155771,243322,10612,    4642,266118,205562,84927,57932,517428,1.124632
EURUSD,2019-06-11,149661,236453,14814,   -6110,289197,227051,89138,64492,542810,1.131811
EURUSD,2019-06-18,162795,215125,8882,   13134,250067,222928,82081,56890,503825,1.12246
EURUSD,2019-06-25,159285,215580,13163,   -3510,262025,238416,87434,54748,521907,1.14003
EURUSD,2019-07-02,157122,188855,10902,   -2163,268544,261228,84402,59985,520970,1.128745
EURUSD,2019-07-09,158398,194263,11324,    1276,266303,260339,85354,55453,521379,1.121604
EURUSD,2019-07-16,170487,201838,10095,   12089,269227,265074,86039,58841,535848,1.126177
EURUSD,2019-07-23,173483,212487,9810,    2996,269699,254802,88110,64003,541102,1.120611
EURUSD,2019-07-30,175132,229115,11398,    1649,289310,258340,87184,64171,563024,1.114305
EURUSD,2019-08-06,177988,221998,12529,    2856,272245,248980,82691,61946,545453,1.124379
EURUSD,2019-08-13,167214,213863,13966,  -10774,286585,259479,82842,63299,550607,1.121831
EURUSD,2019-08-20,168455,206432,12588,    1241,278685,262478,83078,61308,542806,1.108316
EURUSD,2019-08-27,173451,212255,12779,    4996,255401,239344,83434,60687,525065,1.110371
EURUSD,2019-09-03,186144,235280,13876,   12693,263544,236079,83390,61719,546954,1.096852
EURUSD,2019-09-10,180535,230377,20866,   -5609,303836,270876,79880,62998,585117,1.104838
EURUSD,2019-09-17,164272,232831,9694,  -16263,252628,207122,76678,53625,503272,1.100594
EURUSD,2019-09-24,160687,221409,11998,   -3585,250286,211326,79641,57879,502612,1.099372
EURUSD,2019-10-01,172258,238236,10181,   11571,247476,206802,82019,56715,511934,1.089966
EURUSD,2019-10-08,162777,238190,11597,   -9481,260777,206186,79487,58665,514638,1.097213
EURUSD,2019-10-15,153261,230127,17090,   -9516,264794,214307,82037,55658,517182,1.102901
EURUSD,2019-10-22,168653,219703,12983,   15392,264350,242340,82559,53519,528545,1.115175
EURUSD,2019-10-29,166540,219895,11596,   -2113,277771,251937,82940,55419,538847,1.109915
EURUSD,2019-11-05,164183,224929,16970,   -2357,297733,265666,84450,55771,563336,1.112855
EURUSD,2019-11-12,170250,227919,10792,    6067,300579,273909,87906,56907,569527,1.103546
EURUSD,2019-11-19,163898,226401,16020,   -6352,310291,278082,87480,57186,577689,1.107236
EURUSD,2019-11-26,169916,231332,10906,    6018,308994,277623,88634,58589,578450,1.101443
EURUSD,2019-12-03,164392,233441,16006,   -5524,321158,285706,88568,54971,590124,1.107911
EURUSD,2019-12-10,164732,232375,22164,     340,363680,325511,95841,66367,646417,1.106499
EURUSD,2019-12-17,165355,231049,11485,     623,288313,244275,77770,56114,542923,1.113697
EURUSD,2019-12-24,160263,233206,13131,   -5092,282401,241064,84600,52994,540395,1.109385
EURUSD,2019-12-31,168852,243197,13523,    8589,285490,245540,89720,55325,557585,1.12023
EURUSD,2020-01-07,164813,226477,12802,   -4039,288408,263100,89917,53561,555940,1.119799
EURUSD,2020-01-14,163881,212063,18084,    -932,297419,288854,91855,52238,571239,1.113573
EURUSD,2020-01-21,168216,215235,17943,    4335,302385,295283,93620,53703,582164,1.109693
EURUSD,2020-01-28,180653,239515,13248,   12437,311346,291195,93546,54835,598793,1.101977
EURUSD,2020-02-04,166925,242005,12963,  -13728,321548,283559,93262,56171,594698,1.106293
EURUSD,2020-02-11,169475,255144,14252,    2550,338132,281706,90585,61342,612444,1.091346
EURUSD,2020-02-18,170586,262093,13588,    1111,340245,282010,93068,59796,617487,1.084011
EURUSD,2020-02-25,157587,271608,22229,  -12999,355329,270784,90418,60942,625563,1.08492
EURUSD,2020-03-03,151904,238607,18922,   -5683,385539,329833,83992,52995,640357,1.114405
EURUSD,2020-03-10,153820,166487,17667,    1916,397574,424702,90090,50295,659151,1.139796
EURUSD,2020-03-17,147133,114638,10612,   -6687,352847,419664,77524,43202,588116,1.116321
EURUSD,2020-03-24,152360,91070,11009,    5227,326218,414867,81499,54140,571086,1.076461
EURUSD,2020-03-31,155047,80800,10205,    2687,315522,415776,70978,44971,551752,1.103047
EURUSD,2020-04-07,161185,81561,7089,    6138,304521,422120,81902,43927,554697,1.08038
EURUSD,2020-04-14,165078,78461,5598,    3893,296805,417530,75880,41772,543361,1.092299
EURUSD,2020-04-21,170378,83160,5961,    5300,297719,413092,72603,44448,546661,1.086484
EURUSD,2020-04-28,167264,87583,11596,   -3114,291497,399179,74725,46724,545082,1.082485
EURUSD,2020-05-05,169272,92973,6642,    2008,290624,393234,75086,48775,541624,1.090429
EURUSD,2020-05-12,171980,93840,6488,    2708,294370,400827,74491,46174,547329,1.080941
EURUSD,2020-05-19,167756,95194,6820,   -4224,295367,397961,77263,47231,547206,1.091512
EURUSD,2020-05-26,175034,99812,7179,    7278,298419,404675,76117,45083,556749,1.0903
EURUSD,2020-06-02,174412,93172,14831,    -622,312787,429985,81354,45396,583384,1.112595
EURUSD,2020-06-09,184669,89020,7615,   10257,316909,450627,83722,45653,592915,1.130557
EURUSD,2020-06-16,187120,69988,6327,    2451,302800,457835,78692,40789,574939,1.133774
EURUSD,2020-06-23,190816,72368,6055,    3696,305405,467945,83145,39053,585421,1.127968
EURUSD,2020-06-30,180387,81432,6615,  -10429,306839,453967,85897,37724,579738,1.12472
EURUSD,2020-07-07,185159,81562,7595,    4772,311843,466973,88744,37211,593341,1.131286
EURUSD,2020-07-14,194252,83340,9211,    9093,309455,471519,92064,40912,604982,1.13455
EURUSD,2020-07-21,204185,79138,15104,    9933,320979,501647,95944,40323,636212,1.145869
EURUSD,2020-07-28,242127,84568,10435,   37942,328605,546114,97798,37848,678965,1.176928
EURUSD,2020-08-04,262109,81461,10965,   19982,332310,573668,99491,38781,704875,1.176332
EURUSD,2020-08-11,266078,66327,10878,    3969,332842,589103,96660,40150,706458,1.173778
EURUSD,2020-08-18,259244,62301,10585,   -6834,332209,591573,102012,39591,704050,1.187648
EURUSD,2020-08-25,262061,50309,10194,    2817,332664,600646,99158,42928,704077,1.179454
EURUSD,2020-09-01,250867,54120,9515,  -11194,340434,592019,97395,42557,698211,1.193902
EURUSD,2020-09-08,248683,51869,12490,   -2184,332939,581988,96670,44435,690782,1.182173
EURUSD,2020-09-15,230695,52119,6226,  -17988,326724,561883,94529,37946,658174,1.187
EURUSD,2020-09-22,247049,56227,6043,   16354,324148,563561,89172,40581,666412,1.1768
EURUSD,2020-09-29,241967,53851,6752,   -5082,319362,554998,87831,40311,655912,1.167883
EURUSD,2020-10-06,231369,57061,5706,  -10598,322277,548547,92783,40821,652135,1.179245
EURUSD,2020-10-13,228295,59658,5397,   -3074,320037,538976,92436,42134,646165,1.181614
EURUSD,2020-10-20,229878,63935,4602,    1583,316168,535679,94019,40451,644667,1.176886
EURUSD,2020-10-27,217443,61888,6911,  -12435,320086,526904,92338,41075,636778,1.180944
EURUSD,2020-11-03,208237,67888,4364,   -9206,329671,516373,85482,39129,627754,1.16428
EURUSD,2020-11-10,202374,67087,4598,   -5863,339154,526728,92867,40580,638993,1.182732
EURUSD,2020-11-17,203551,69591,5891,    1177,338363,522088,90141,40376,637946,1.185944
EURUSD,2020-11-24,206354,68104,7982,    2803,342250,530912,87980,37568,644566,1.184273
EURUSD,2020-12-01,207302,67408,6571,     948,345848,536756,94536,43522,654257,1.193816
EURUSD,2020-12-08,222521,66092,12263,   15219,349005,562077,99562,42919,683351,1.211314
EURUSD,2020-12-15,218710,76877,3774,   -3811,338345,537607,96217,38788,657046,1.21489
EURUSD,2020-12-21,222443,78541,5128,    3733,339342,538743,92586,37087,659499,1.221613
EURUSD,2020-12-29,222848,79772,4443,     405,348773,550545,95579,36883,671643,1.222345
EURUSD,2021-01-05,224832,81841,4404,    1984,349449,550714,94847,36573,673532,1.22516
EURUSD,2021-01-12,228757,72867,5690,    3925,345185,560987,98320,38408,677952,1.21607
EURUSD,2021-01-19,236533,73067,4706,    7776,337268,559646,98008,39096,676515,1.207729
EURUSD,2021-01-26,238099,72755,4888,    1566,339228,559856,95217,39933,677432,1.214624
EURUSD,2021-02-02,216887,79884,8963,  -21212,354432,543240,95238,43433,675520,1.206869
EURUSD,2021-02-09,220943,80721,7867,    4056,349377,541364,94929,43164,673116,1.20536
EURUSD,2021-02-16,222895,82889,7224,    1952,352756,546512,92886,39136,675761,1.21322
EURUSD,2021-02-23,228501,90136,6637,    5606,366500,560917,95278,39226,696916,1.21668
EURUSD,2021-03-02,222655,96667,10341,   -5846,374362,550290,90871,40931,698229,1.20511
EURUSD,2021-03-09,207588,105624,15616,  -15067,402394,559836,96525,41047,722123,1.185171
EURUSD,2021-03-16,195857,105881,6465,  -11731,349395,484374,87260,42257,638977,1.192577
EURUSD,2021-03-23,195500,102178,7134,    -357,350520,488553,88274,43563,641428,1.193303
EURUSD,2021-03-30,194763,121024,7445,    -737,351292,472620,91621,44032,645121,1.177101
EURUSD,2021-04-06,192230,124708,6347,   -2533,354401,464142,89693,47474,642671,1.181893
EURUSD,2021-04-13,190640,123789,7954,   -1590,361380,471014,88707,45924,648681,1.191469
EURUSD,2021-04-20,197137,116329,7267,    6497,365754,494986,91482,43058,661640,1.204529
EURUSD,2021-04-27,200415,119448,7036,    3278,368662,504495,95959,41093,672072,1.208167
EURUSD,2021-05-04,206472,121643,9059,    6057,364947,507105,96919,39590,677397,1.206127
EURUSD,2021-05-11,223387,129480,9909,   16915,357792,522697,106123,35125,697211,1.214093
EURUSD,2021-05-18,232330,132472,7799,    8943,378241,551145,109261,36215,727631,1.215687
EURUSD,2021-05-25,236103,132103,8689,    3773,381869,561735,111477,35611,738138,1.221464
EURUSD,2021-06-01,237360,128038,7664,    1257,384998,568512,112057,37865,742079,1.223287
EURUSD,2021-06-08,232103,124890,14468,   -5257,382766,565245,113822,38556,743159,1.219363
EURUSD,2021-06-15,210816,92630,2607,  -21287,381409,563500,99890,35985,694722,1.212224
EURUSD,2021-06-22,207863,118806,6479,   -2953,383894,528473,96568,41046,694804,1.191256
EURUSD,2021-06-29,209058,121912,6245,    1195,387635,524237,94487,45031,697425,1.19289
EURUSD,2021-07-06,212998,135808,5895,    3940,386189,510347,94301,47333,699383,1.18638
EURUSD,2021-07-13,212851,153138,5935,    -147,378329,479700,91837,50179,688952,1.186521
EURUSD,2021-07-20,208669,162847,6196,   -4182,379176,461577,89034,52455,683075,1.179384
EURUSD,2021-07-27,202245,164119,9324,   -6424,373953,453802,92486,50763,678008,1.180777
EURUSD,2021-08-03,199067,161060,8571,   -3178,374123,453158,92730,51702,674491,1.187465
EURUSD,2021-08-10,212809,178952,8072,   13742,388866,458925,92351,56149,702098,1.173847
EURUSD,2021-08-17,233529,175889,7532,   20720,383684,456767,70047,54604,694792,1.177995
EURUSD,2021-08-24,194169,169539,9975,  -39360,403032,460425,91371,58608,698547,1.174453
EURUSD,2021-08-31,190593,180117,14682,   -3576,404630,456842,95205,53469,705110,1.17969
EURUSD,2021-09-07,189904,163596,10823,    -689,397755,471071,98252,51244,696734,1.187507
EURUSD,2021-09-14,186554,158749,7685,   -3350,368593,434853,90270,51815,653102,1.181195
EURUSD,2021-09-21,189406,177311,7484,    2852,381122,425371,85507,53353,663519,1.17302
EURUSD,2021-09-28,195043,194171,7398,    5637,378476,408900,87150,57598,668067,1.16968
EURUSD,2021-10-05,196819,219153,9674,    1776,396534,405021,90564,59743,693591,1.161845
EURUSD,2021-10-12,202512,220910,7860,    5693,396224,405177,88733,61382,695329,1.155375
EURUSD,2021-10-19,193320,205427,8653,   -9192,389682,407255,87763,58083,679418,1.161386
EURUSD,2021-10-26,196880,208136,8906,    3560,387905,404160,86683,59172,680374,1.16117
EURUSD,2021-11-02,191496,197634,9486,   -5384,392882,415610,84160,55294,678024,1.159958
EURUSD,2021-11-09,192544,188771,12175,    1048,389822,421863,83827,55559,678368,1.159152
EURUSD,2021-11-16,198181,202007,12990,    5637,404266,431251,90261,59450,705698,1.136648
EURUSD,2021-11-23,204214,220666,13186,    6033,403595,420430,90690,57403,711685,1.124215
EURUSD,2021-11-30,191048,214288,13922,  -13166,407774,418645,92665,58554,705409,1.129344
EURUSD,2021-12-07,194869,203168,16253,    3821,418656,438831,86435,57961,716213,1.128668
EURUSD,2021-12-14,189530,201409,13933,   -5339,378079,394668,80169,51701,661711,1.128541
EURUSD,2021-12-21,196595,206757,14873,    7065,381670,397296,79101,53313,672239,1.127752
EURUSD,2021-12-28,198617,205251,13060,    2022,384857,403390,76739,51572,673273,1.133003
EURUSD,2022-01-04,199073,200627,9374,     456,388742,415200,81029,53017,678218,1.130224
EURUSD,2022-01-11,204361,198356,8748,    5288,389191,422581,79993,52608,682293,1.133042
EURUSD,2022-01-18,211901,187317,10708,    7540,389617,440081,79656,53776,691882,1.141057
EURUSD,2022-01-25,213408,181848,11117,    1507,379154,435412,79273,54575,682952,1.132413
EURUSD,2022-02-01,213563,183847,11388,     155,376805,434272,83675,55924,685431,1.122965
EURUSD,2022-02-08,218973,180131,10974,    5410,382426,455678,87725,53315,700098,1.144296
EURUSD,2022-02-15,217899,170318,11201,   -1074,383827,468884,89120,51644,702047,1.130633
EURUSD,2022-02-22,214195,154889,13570,   -3704,379583,477633,89334,50590,696682,1.130966
EURUSD,2022-03-01,228385,163446,17009,   14190,390260,485365,84321,54155,719975,1.121592
EURUSD,2022-03-08,242683,183839,23926,   14298,386654,470527,85727,60698,738990,1.086531
EURUSD,2022-03-15,202040,183246,19526,  -40643,369253,411882,75191,51356,666010,1.094319
EURUSD,2022-03-22,207051,183208,18304,    5011,357492,403870,75970,53435,658817,1.101722
EURUSD,2022-03-29,200043,178669,17888,   -7008,364163,411511,80321,54347,662415,1.099384
EURUSD,2022-04-05,210914,183544,17589,   10871,357140,406757,77946,55699,663589,1.097586
EURUSD,2022-04-12,221645,182585,17944,   10731,359853,420603,79165,57475,678607,1.087796
EURUSD,2022-04-19,221003,189702,15067,    -642,362930,412656,76939,58514,675939,1.078179
EURUSD,2022-04-26,222993,200792,15107,    1990,368280,414387,82069,58163,688449,1.071421
EURUSD,2022-05-03,208449,214827,14988,  -14544,383222,407808,88267,57303,694926,1.050906
EURUSD,2022-05-10,228230,211701,15852,   19781,376043,419069,84921,58424,705046,1.05658
EURUSD,2022-05-17,230770,210431,18374,    2540,372113,423630,85455,54277,706712,1.043896
EURUSD,2022-05-24,237072,198142,17629,    6302,366345,438945,87892,54222,708938,1.068205
EURUSD,2022-05-31,236553,184281,17192,    -519,365434,450620,87138,54224,706317,1.077354
EURUSD,2022-06-07,230248,179705,43813,   -6305,365628,453817,90978,53332,730667,1.069141
EURUSD,2022-06-14,206986,213004,15196,  -23262,361159,389654,84823,50310,668164,1.041515
EURUSD,2022-06-21,195554,211159,17261,  -11432,373695,391877,85208,51421,671718,1.052078
EURUSD,2022-06-28,189414,200010,18121,   -6140,380084,399896,83853,53445,671472,1.058089
EURUSD,2022-07-05,197138,213990,16455,    7724,377654,386290,82525,57037,673772,1.043319
EURUSD,2022-07-12,197240,222484,16358,     102,385039,379279,83394,63910,682031,1.004753
EURUSD,2022-07-19,195875,238620,17564,   -1365,397991,380561,82676,57361,694106,1.014518
EURUSD,2022-07-26,198041,239625,19989,    2166,393062,374406,83007,60079,694099,1.022495
EURUSD,2022-08-02,191692,230503,17884,   -6349,391841,376321,82466,59175,683883,1.026136
EURUSD,2022-08-09,200088,234624,18823,    8396,394543,380141,78944,58810,692398,1.019763
EURUSD,2022-08-16,199226,242010,19297,    -862,400458,379542,79589,57721,698570,1.016198
EURUSD,2022-08-23,210825,254934,17992,   11599,406701,382394,82403,62601,717921,0.993947
EURUSD,2022-08-30,202258,249934,25268,   -8567,411684,382824,80871,62055,720081,1.001402
EURUSD,2022-09-06,205277,241626,23448,    3019,409460,389850,83493,66754,721678,0.995223
EURUSD,2022-09-13,207778,219615,35296,    2501,410364,421787,88806,65546,742244,1.012956
EURUSD,2022-09-20,206564,173115,20951,   -1214,354891,407201,75546,56685,657952,1.002959
EURUSD,2022-09-27,208736,174939,18485,    2172,348374,406814,78547,53904,654142,0.962371
EURUSD,2022-10-04,199391,155709,18075,   -9345,348817,405665,74175,61009,640458,0.983207
EURUSD,2022-10-11,196136,158637,17465,   -3255,349091,409252,76656,53994,639348,0.971006
EURUSD,2022-10-18,202703,154553,14505,    6567,347078,417655,76183,53756,640469,0.98464
EURUSD,2022-10-25,226734,151825,17146,   24031,346949,440781,75890,56967,666719,0.98865
EURUSD,2022-11-01,239770,133980,15533,   13036,339364,468183,77062,54033,671729,0.988631
EURUSD,2022-11-08,232317,124718,18228,   -7453,339218,470981,78139,53975,667902,1.001863
EURUSD,2022-11-15,239369,126703,13671,    7052,343388,494961,86147,47240,682575,1.031928
EURUSD,2022-11-22,239598,116486,12681,     229,345848,503792,82746,47914,680873,1.024569
EURUSD,2022-11-29,241122,118875,15882,    1524,356905,511490,81867,49529,695776,1.034554
EURUSD,2022-12-06,245063,120180,18255,    3941,363169,523174,85050,49928,711537,1.049692
EURUSD,2022-12-13,236415,111700,28262,   -8648,414090,571467,94033,61371,772800,1.054174
EURUSD,2022-12-20,249149,106877,12941,   12734,379011,565025,84867,41125,725968,1.061458
EURUSD,2022-12-27,251887,105725,13598,    2738,379076,565896,83826,43168,728387,1.064022
EURUSD,2023-01-03,222543,92628,14417,  -29344,389861,563942,85209,41043,712030,1.067771
EURUSD,2023-01-10,238623,103641,15490,   16080,400775,582985,91275,44047,746163,1.073318
EURUSD,2023-01-17,228279,101295,14650,  -10344,416510,595584,94476,42386,753915,1.083013
EURUSD,2023-01-24,237743,103394,13780,    9464,429253,615703,96793,44692,777569,1.087429
EURUSD,2023-01-31,246755,96246,13556,    9012,440756,644345,95671,42591,796738,1.085069
EURUSD,2023-02-07,238338,73300,14054,   -8417,438393,650139,90502,43794,781287,1.073076
EURUSD,2023-02-14,236574,72668,14096,   -1764,444388,656178,93575,45691,788633,1.073042
EURUSD,2023-02-21,236414,71346,17122,    -160,444658,658476,91704,42954,789898,1.068262
EURUSD,2023-02-28,240766,78567,18401,    4352,451634,663537,93162,43458,803963,1.061121
EURUSD,2023-03-07,233880,85432,31753,   -6886,458256,660884,97168,42988,821057,1.068833
EURUSD,2023-03-14,222313,82357,16294,  -11567,418829,605698,87967,41054,745403,1.072501
EURUSD,2023-03-21,215825,70983,16122,   -6488,417802,608973,87688,41359,737437,1.071915
EURUSD,2023-03-28,222918,77893,13319,    7093,410545,601793,85724,39501,732506,1.080707
EURUSD,2023-04-04,225416,82023,15007,    2498,415104,609891,91568,40174,747095,1.091227
EURUSD,2023-04-11,244180,80842,14446,   18764,411456,623521,89357,40630,759439,1.09252
EURUSD,2023-04-18,242369,78008,15983,   -1811,417586,630871,90436,41512,766374,1.09827
EURUSD,2023-04-25,243516,74116,15747,    1147,418842,643279,94777,39740,772882,1.09781
EURUSD,2023-05-02,246832,73343,20000,    3316,418940,640643,93686,45472,779458,1.10172
EURUSD,2023-05-09,260335,80913,19461,   13503,418410,652670,96515,41677,794721,1.0969
